head,relation,tail
213,IN_YEAR,2012
214,IN_YEAR,2012
215,IN_YEAR,2012
216,IN_YEAR,2012
217,IN_YEAR,2012
218,IN_YEAR,2012
219,IN_YEAR,2012
220,IN_YEAR,2012
221,IN_YEAR,2012
222,IN_YEAR,2012
223,IN_YEAR,2012
224,IN_YEAR,2012
225,IN_YEAR,2012
226,IN_YEAR,2012
227,IN_YEAR,2012
228,IN_YEAR,2012
229,IN_YEAR,2012
230,IN_YEAR,2012
231,IN_YEAR,2012
232,IN_YEAR,2012
233,IN_YEAR,2012
234,IN_YEAR,2012
235,IN_YEAR,2012
236,IN_YEAR,2012
237,IN_YEAR,2012
238,IN_YEAR,2012
239,IN_YEAR,2012
240,IN_YEAR,2012
241,IN_YEAR,2012
242,IN_YEAR,2012
243,IN_YEAR,2012
244,IN_YEAR,2012
245,IN_YEAR,2012
246,IN_YEAR,2012
247,IN_YEAR,2012
248,IN_YEAR,2012
249,IN_YEAR,2012
250,IN_YEAR,2012
251,IN_YEAR,2012
252,IN_YEAR,2012
253,IN_YEAR,2012
254,IN_YEAR,2012
255,IN_YEAR,2012
256,IN_YEAR,2012
257,IN_YEAR,2012
258,IN_YEAR,2012
259,IN_YEAR,2012
260,IN_YEAR,2012
261,IN_YEAR,2012
262,IN_YEAR,2012
263,IN_YEAR,2012
264,IN_YEAR,2012
265,IN_YEAR,2012
266,IN_YEAR,2012
267,IN_YEAR,2012
268,IN_YEAR,2012
269,IN_YEAR,2012
270,IN_YEAR,2012
271,IN_YEAR,2012
272,IN_YEAR,2012
273,IN_YEAR,2012
274,IN_YEAR,2012
275,IN_YEAR,2012
276,IN_YEAR,2012
277,IN_YEAR,2012
278,IN_YEAR,2012
279,IN_YEAR,2012
280,IN_YEAR,2012
281,IN_YEAR,2012
282,IN_YEAR,2012
283,IN_YEAR,2012
284,IN_YEAR,2012
285,IN_YEAR,2012
286,IN_YEAR,2012
287,IN_YEAR,2012
288,IN_YEAR,2012
289,IN_YEAR,2012
290,IN_YEAR,2012
291,IN_YEAR,2012
292,IN_YEAR,2012
293,IN_YEAR,2012
294,IN_YEAR,2012
295,IN_YEAR,2012
296,IN_YEAR,2012
297,IN_YEAR,2012
298,IN_YEAR,2012
299,IN_YEAR,2012
300,IN_YEAR,2012
301,IN_YEAR,2012
302,IN_YEAR,2012
303,IN_YEAR,2012
304,IN_YEAR,2012
305,IN_YEAR,2012
306,IN_YEAR,2012
307,IN_YEAR,2012
308,IN_YEAR,2012
309,IN_YEAR,2012
310,IN_YEAR,2012
311,IN_YEAR,2012
312,IN_YEAR,2012
313,IN_YEAR,2012
314,IN_YEAR,2012
315,IN_YEAR,2012
316,IN_YEAR,2012
317,IN_YEAR,2012
318,IN_YEAR,2012
319,IN_YEAR,2012
320,IN_YEAR,2012
321,IN_YEAR,2012
322,IN_YEAR,2012
323,IN_YEAR,2012
324,IN_YEAR,2012
325,IN_YEAR,2012
326,IN_YEAR,2012
327,IN_YEAR,2012
328,IN_YEAR,2012
329,IN_YEAR,2012
330,IN_YEAR,2012
331,IN_YEAR,2012
332,IN_YEAR,2012
333,IN_YEAR,2012
334,IN_YEAR,2012
335,IN_YEAR,2012
336,IN_YEAR,2012
337,IN_YEAR,2012
338,IN_YEAR,2012
339,IN_YEAR,2012
340,IN_YEAR,2012
341,IN_YEAR,2012
342,IN_YEAR,2012
343,IN_YEAR,2012
344,IN_YEAR,2012
345,IN_YEAR,2012
346,IN_YEAR,2012
347,IN_YEAR,2012
348,IN_YEAR,2012
349,IN_YEAR,2012
350,IN_YEAR,2012
351,IN_YEAR,2012
352,IN_YEAR,2012
353,IN_YEAR,2012
354,IN_YEAR,2012
355,IN_YEAR,2012
356,IN_YEAR,2012
357,IN_YEAR,2012
358,IN_YEAR,2012
359,IN_YEAR,2012
360,IN_YEAR,2012
361,IN_YEAR,2012
362,IN_YEAR,2012
363,IN_YEAR,2012
364,IN_YEAR,2012
365,IN_YEAR,2012
366,IN_YEAR,2012
367,IN_YEAR,2012
368,IN_YEAR,2012
369,IN_YEAR,2012
370,IN_YEAR,2012
371,IN_YEAR,2012
372,IN_YEAR,2012
373,IN_YEAR,2012
374,IN_YEAR,2012
375,IN_YEAR,2012
376,IN_YEAR,2012
377,IN_YEAR,2012
378,IN_YEAR,2012
379,IN_YEAR,2012
380,IN_YEAR,2012
381,IN_YEAR,2012
382,IN_YEAR,2012
383,IN_YEAR,2012
384,IN_YEAR,2012
385,IN_YEAR,2012
386,IN_YEAR,2012
387,IN_YEAR,2012
388,IN_YEAR,2012
389,IN_YEAR,2012
390,IN_YEAR,2012
391,IN_YEAR,2012
392,IN_YEAR,2012
393,IN_YEAR,2012
394,IN_YEAR,2012
395,IN_YEAR,2012
396,IN_YEAR,2012
397,IN_YEAR,2012
398,IN_YEAR,2012
399,IN_YEAR,2012
400,IN_YEAR,2012
401,IN_YEAR,2012
402,IN_YEAR,2012
403,IN_YEAR,2012
404,IN_YEAR,2012
405,IN_YEAR,2012
406,IN_YEAR,2012
407,IN_YEAR,2012
408,IN_YEAR,2012
409,IN_YEAR,2012
410,IN_YEAR,2012
411,IN_YEAR,2012
412,IN_YEAR,2012
413,IN_YEAR,2012
414,IN_YEAR,2012
415,IN_YEAR,2012
416,IN_YEAR,2012
417,IN_YEAR,2012
418,IN_YEAR,2012
419,IN_YEAR,2012
420,IN_YEAR,2012
421,IN_YEAR,2012
422,IN_YEAR,2012
423,IN_YEAR,2012
424,IN_YEAR,2012
425,IN_YEAR,2012
426,IN_YEAR,2012
427,IN_YEAR,2012
428,IN_YEAR,2012
429,IN_YEAR,2012
430,IN_YEAR,2012
431,IN_YEAR,2012
432,IN_YEAR,2012
433,IN_YEAR,2012
434,IN_YEAR,2012
435,IN_YEAR,2012
436,IN_YEAR,2012
437,IN_YEAR,2012
438,IN_YEAR,2012
439,IN_YEAR,2012
440,IN_YEAR,2012
441,IN_YEAR,2012
442,IN_YEAR,2012
443,IN_YEAR,2012
444,IN_YEAR,2012
445,IN_YEAR,2012
446,IN_YEAR,2012
447,IN_YEAR,2012
448,IN_YEAR,2012
449,IN_YEAR,2012
450,IN_YEAR,2012
451,IN_YEAR,2012
452,IN_YEAR,2012
453,IN_YEAR,2012
454,IN_YEAR,2012
455,IN_YEAR,2012
456,IN_YEAR,2012
457,IN_YEAR,2012
458,IN_YEAR,2012
459,IN_YEAR,2012
460,IN_YEAR,2012
461,IN_YEAR,2012
462,IN_YEAR,2012
463,IN_YEAR,2012
464,IN_YEAR,2012
465,IN_YEAR,2012
466,IN_YEAR,2012
467,IN_YEAR,2012
468,IN_YEAR,2012
469,IN_YEAR,2012
470,IN_YEAR,2012
471,IN_YEAR,2012
472,IN_YEAR,2012
473,IN_YEAR,2012
474,IN_YEAR,2013
475,IN_YEAR,2013
476,IN_YEAR,2013
477,IN_YEAR,2013
478,IN_YEAR,2013
479,IN_YEAR,2013
480,IN_YEAR,2013
481,IN_YEAR,2013
482,IN_YEAR,2013
483,IN_YEAR,2013
484,IN_YEAR,2013
485,IN_YEAR,2013
486,IN_YEAR,2013
487,IN_YEAR,2013
488,IN_YEAR,2013
489,IN_YEAR,2013
490,IN_YEAR,2013
491,IN_YEAR,2013
492,IN_YEAR,2013
493,IN_YEAR,2013
494,IN_YEAR,2013
495,IN_YEAR,2013
496,IN_YEAR,2013
497,IN_YEAR,2013
498,IN_YEAR,2013
499,IN_YEAR,2013
500,IN_YEAR,2013
501,IN_YEAR,2013
502,IN_YEAR,2013
503,IN_YEAR,2013
504,IN_YEAR,2013
505,IN_YEAR,2013
506,IN_YEAR,2013
507,IN_YEAR,2013
508,IN_YEAR,2013
509,IN_YEAR,2013
510,IN_YEAR,2013
511,IN_YEAR,2013
512,IN_YEAR,2013
513,IN_YEAR,2013
514,IN_YEAR,2013
515,IN_YEAR,2013
516,IN_YEAR,2013
517,IN_YEAR,2013
518,IN_YEAR,2013
519,IN_YEAR,2013
520,IN_YEAR,2013
521,IN_YEAR,2013
522,IN_YEAR,2013
523,IN_YEAR,2013
524,IN_YEAR,2013
525,IN_YEAR,2013
526,IN_YEAR,2013
527,IN_YEAR,2013
528,IN_YEAR,2013
529,IN_YEAR,2013
530,IN_YEAR,2013
531,IN_YEAR,2013
532,IN_YEAR,2013
533,IN_YEAR,2013
534,IN_YEAR,2013
535,IN_YEAR,2013
536,IN_YEAR,2013
537,IN_YEAR,2013
538,IN_YEAR,2013
539,IN_YEAR,2013
540,IN_YEAR,2013
541,IN_YEAR,2013
542,IN_YEAR,2013
543,IN_YEAR,2013
544,IN_YEAR,2013
545,IN_YEAR,2013
546,IN_YEAR,2013
547,IN_YEAR,2013
548,IN_YEAR,2013
549,IN_YEAR,2013
550,IN_YEAR,2013
551,IN_YEAR,2013
552,IN_YEAR,2013
553,IN_YEAR,2013
554,IN_YEAR,2013
555,IN_YEAR,2013
556,IN_YEAR,2013
557,IN_YEAR,2013
558,IN_YEAR,2013
559,IN_YEAR,2013
560,IN_YEAR,2013
561,IN_YEAR,2013
562,IN_YEAR,2013
563,IN_YEAR,2013
564,IN_YEAR,2013
565,IN_YEAR,2013
566,IN_YEAR,2013
567,IN_YEAR,2013
568,IN_YEAR,2013
569,IN_YEAR,2013
570,IN_YEAR,2013
571,IN_YEAR,2013
572,IN_YEAR,2013
573,IN_YEAR,2013
574,IN_YEAR,2013
575,IN_YEAR,2013
576,IN_YEAR,2013
577,IN_YEAR,2013
578,IN_YEAR,2013
579,IN_YEAR,2013
580,IN_YEAR,2013
581,IN_YEAR,2013
582,IN_YEAR,2013
583,IN_YEAR,2013
584,IN_YEAR,2013
585,IN_YEAR,2013
586,IN_YEAR,2013
587,IN_YEAR,2013
588,IN_YEAR,2013
589,IN_YEAR,2013
590,IN_YEAR,2013
591,IN_YEAR,2013
592,IN_YEAR,2013
593,IN_YEAR,2013
594,IN_YEAR,2013
595,IN_YEAR,2013
596,IN_YEAR,2013
597,IN_YEAR,2013
598,IN_YEAR,2013
599,IN_YEAR,2013
600,IN_YEAR,2013
601,IN_YEAR,2013
602,IN_YEAR,2013
603,IN_YEAR,2013
604,IN_YEAR,2013
605,IN_YEAR,2013
606,IN_YEAR,2013
607,IN_YEAR,2013
608,IN_YEAR,2013
609,IN_YEAR,2013
610,IN_YEAR,2013
611,IN_YEAR,2013
612,IN_YEAR,2013
613,IN_YEAR,2013
614,IN_YEAR,2013
615,IN_YEAR,2013
616,IN_YEAR,2013
617,IN_YEAR,2013
618,IN_YEAR,2013
619,IN_YEAR,2013
620,IN_YEAR,2013
621,IN_YEAR,2013
622,IN_YEAR,2013
623,IN_YEAR,2013
624,IN_YEAR,2013
625,IN_YEAR,2013
626,IN_YEAR,2013
627,IN_YEAR,2013
628,IN_YEAR,2013
629,IN_YEAR,2013
630,IN_YEAR,2013
631,IN_YEAR,2013
632,IN_YEAR,2013
633,IN_YEAR,2013
634,IN_YEAR,2013
635,IN_YEAR,2013
636,IN_YEAR,2013
637,IN_YEAR,2013
638,IN_YEAR,2013
639,IN_YEAR,2013
640,IN_YEAR,2013
641,IN_YEAR,2013
642,IN_YEAR,2013
643,IN_YEAR,2013
644,IN_YEAR,2013
645,IN_YEAR,2013
646,IN_YEAR,2013
647,IN_YEAR,2013
648,IN_YEAR,2013
649,IN_YEAR,2013
650,IN_YEAR,2013
651,IN_YEAR,2013
652,IN_YEAR,2013
653,IN_YEAR,2013
654,IN_YEAR,2013
655,IN_YEAR,2013
656,IN_YEAR,2013
657,IN_YEAR,2013
658,IN_YEAR,2013
659,IN_YEAR,2013
660,IN_YEAR,2013
661,IN_YEAR,2013
662,IN_YEAR,2013
663,IN_YEAR,2013
664,IN_YEAR,2013
665,IN_YEAR,2013
666,IN_YEAR,2013
667,IN_YEAR,2013
668,IN_YEAR,2013
669,IN_YEAR,2013
670,IN_YEAR,2013
671,IN_YEAR,2013
672,IN_YEAR,2013
673,IN_YEAR,2013
674,IN_YEAR,2013
675,IN_YEAR,2013
676,IN_YEAR,2013
677,IN_YEAR,2013
678,IN_YEAR,2013
679,IN_YEAR,2013
680,IN_YEAR,2013
681,IN_YEAR,2013
682,IN_YEAR,2013
683,IN_YEAR,2013
684,IN_YEAR,2013
685,IN_YEAR,2013
686,IN_YEAR,2013
687,IN_YEAR,2013
688,IN_YEAR,2013
689,IN_YEAR,2013
690,IN_YEAR,2013
691,IN_YEAR,2013
692,IN_YEAR,2013
693,IN_YEAR,2013
694,IN_YEAR,2013
695,IN_YEAR,2013
696,IN_YEAR,2013
697,IN_YEAR,2013
698,IN_YEAR,2013
699,IN_YEAR,2013
700,IN_YEAR,2013
701,IN_YEAR,2013
702,IN_YEAR,2013
703,IN_YEAR,2013
704,IN_YEAR,2013
705,IN_YEAR,2013
706,IN_YEAR,2013
707,IN_YEAR,2013
708,IN_YEAR,2013
709,IN_YEAR,2013
710,IN_YEAR,2013
711,IN_YEAR,2013
712,IN_YEAR,2013
713,IN_YEAR,2013
714,IN_YEAR,2013
715,IN_YEAR,2013
716,IN_YEAR,2013
717,IN_YEAR,2013
718,IN_YEAR,2013
719,IN_YEAR,2013
720,IN_YEAR,2013
721,IN_YEAR,2013
722,IN_YEAR,2013
723,IN_YEAR,2013
724,IN_YEAR,2013
725,IN_YEAR,2013
726,IN_YEAR,2013
727,IN_YEAR,2013
728,IN_YEAR,2013
729,IN_YEAR,2013
730,IN_YEAR,2013
731,IN_YEAR,2013
732,IN_YEAR,2013
733,IN_YEAR,2013
734,IN_YEAR,2013
735,IN_YEAR,2013
736,IN_YEAR,2013
737,IN_YEAR,2013
738,IN_YEAR,2013
739,IN_YEAR,2013
740,IN_YEAR,2013
741,IN_YEAR,2013
742,IN_YEAR,2013
743,IN_YEAR,2013
744,IN_YEAR,2013
745,IN_YEAR,2013
746,IN_YEAR,2013
747,IN_YEAR,2013
748,IN_YEAR,2013
749,IN_YEAR,2013
750,IN_YEAR,2013
751,IN_YEAR,2013
752,IN_YEAR,2013
753,IN_YEAR,2014
754,IN_YEAR,2014
755,IN_YEAR,2014
756,IN_YEAR,2014
757,IN_YEAR,2014
758,IN_YEAR,2014
759,IN_YEAR,2014
760,IN_YEAR,2014
761,IN_YEAR,2014
762,IN_YEAR,2014
763,IN_YEAR,2014
764,IN_YEAR,2014
765,IN_YEAR,2014
766,IN_YEAR,2014
767,IN_YEAR,2014
768,IN_YEAR,2014
769,IN_YEAR,2014
770,IN_YEAR,2014
771,IN_YEAR,2014
772,IN_YEAR,2014
773,IN_YEAR,2014
774,IN_YEAR,2014
775,IN_YEAR,2014
776,IN_YEAR,2014
777,IN_YEAR,2014
778,IN_YEAR,2014
779,IN_YEAR,2014
780,IN_YEAR,2014
781,IN_YEAR,2014
782,IN_YEAR,2014
783,IN_YEAR,2014
784,IN_YEAR,2014
785,IN_YEAR,2014
786,IN_YEAR,2014
787,IN_YEAR,2014
788,IN_YEAR,2014
789,IN_YEAR,2014
790,IN_YEAR,2014
791,IN_YEAR,2014
792,IN_YEAR,2014
793,IN_YEAR,2014
794,IN_YEAR,2014
795,IN_YEAR,2014
796,IN_YEAR,2014
797,IN_YEAR,2014
798,IN_YEAR,2014
799,IN_YEAR,2014
800,IN_YEAR,2014
801,IN_YEAR,2014
802,IN_YEAR,2014
803,IN_YEAR,2014
804,IN_YEAR,2014
805,IN_YEAR,2014
806,IN_YEAR,2014
807,IN_YEAR,2014
808,IN_YEAR,2014
809,IN_YEAR,2014
810,IN_YEAR,2014
811,IN_YEAR,2014
812,IN_YEAR,2014
813,IN_YEAR,2014
814,IN_YEAR,2014
815,IN_YEAR,2014
816,IN_YEAR,2014
817,IN_YEAR,2014
818,IN_YEAR,2014
819,IN_YEAR,2014
820,IN_YEAR,2014
821,IN_YEAR,2014
822,IN_YEAR,2014
823,IN_YEAR,2014
824,IN_YEAR,2014
825,IN_YEAR,2014
826,IN_YEAR,2014
827,IN_YEAR,2014
828,IN_YEAR,2014
829,IN_YEAR,2014
830,IN_YEAR,2014
831,IN_YEAR,2014
832,IN_YEAR,2014
833,IN_YEAR,2014
834,IN_YEAR,2014
835,IN_YEAR,2014
836,IN_YEAR,2014
837,IN_YEAR,2014
838,IN_YEAR,2014
839,IN_YEAR,2014
840,IN_YEAR,2014
841,IN_YEAR,2014
842,IN_YEAR,2014
843,IN_YEAR,2014
844,IN_YEAR,2014
845,IN_YEAR,2014
846,IN_YEAR,2014
847,IN_YEAR,2014
848,IN_YEAR,2014
849,IN_YEAR,2014
850,IN_YEAR,2014
851,IN_YEAR,2014
852,IN_YEAR,2014
853,IN_YEAR,2014
854,IN_YEAR,2014
855,IN_YEAR,2014
856,IN_YEAR,2014
857,IN_YEAR,2014
858,IN_YEAR,2014
859,IN_YEAR,2014
860,IN_YEAR,2014
861,IN_YEAR,2014
862,IN_YEAR,2014
863,IN_YEAR,2014
864,IN_YEAR,2014
865,IN_YEAR,2014
866,IN_YEAR,2014
867,IN_YEAR,2014
868,IN_YEAR,2014
869,IN_YEAR,2014
870,IN_YEAR,2014
871,IN_YEAR,2014
872,IN_YEAR,2014
873,IN_YEAR,2014
874,IN_YEAR,2014
875,IN_YEAR,2014
876,IN_YEAR,2014
877,IN_YEAR,2014
878,IN_YEAR,2014
879,IN_YEAR,2014
880,IN_YEAR,2014
881,IN_YEAR,2014
882,IN_YEAR,2014
883,IN_YEAR,2014
884,IN_YEAR,2014
885,IN_YEAR,2014
886,IN_YEAR,2014
887,IN_YEAR,2014
888,IN_YEAR,2014
889,IN_YEAR,2014
890,IN_YEAR,2014
891,IN_YEAR,2014
892,IN_YEAR,2014
893,IN_YEAR,2014
894,IN_YEAR,2014
895,IN_YEAR,2014
896,IN_YEAR,2014
897,IN_YEAR,2014
898,IN_YEAR,2014
899,IN_YEAR,2014
900,IN_YEAR,2014
901,IN_YEAR,2014
902,IN_YEAR,2014
903,IN_YEAR,2014
904,IN_YEAR,2014
905,IN_YEAR,2014
906,IN_YEAR,2014
907,IN_YEAR,2014
908,IN_YEAR,2014
909,IN_YEAR,2014
910,IN_YEAR,2014
911,IN_YEAR,2014
912,IN_YEAR,2014
913,IN_YEAR,2014
914,IN_YEAR,2014
915,IN_YEAR,2014
916,IN_YEAR,2014
917,IN_YEAR,2014
918,IN_YEAR,2014
919,IN_YEAR,2014
920,IN_YEAR,2014
921,IN_YEAR,2014
922,IN_YEAR,2014
923,IN_YEAR,2014
924,IN_YEAR,2014
925,IN_YEAR,2014
926,IN_YEAR,2014
927,IN_YEAR,2014
928,IN_YEAR,2014
929,IN_YEAR,2014
930,IN_YEAR,2014
931,IN_YEAR,2014
932,IN_YEAR,2014
933,IN_YEAR,2014
934,IN_YEAR,2014
935,IN_YEAR,2014
936,IN_YEAR,2014
937,IN_YEAR,2014
938,IN_YEAR,2014
939,IN_YEAR,2014
940,IN_YEAR,2014
941,IN_YEAR,2014
942,IN_YEAR,2014
943,IN_YEAR,2014
944,IN_YEAR,2014
945,IN_YEAR,2014
946,IN_YEAR,2014
947,IN_YEAR,2014
948,IN_YEAR,2014
949,IN_YEAR,2014
950,IN_YEAR,2014
951,IN_YEAR,2014
952,IN_YEAR,2014
953,IN_YEAR,2014
954,IN_YEAR,2014
955,IN_YEAR,2014
956,IN_YEAR,2014
957,IN_YEAR,2014
958,IN_YEAR,2014
959,IN_YEAR,2014
960,IN_YEAR,2014
961,IN_YEAR,2014
962,IN_YEAR,2014
963,IN_YEAR,2014
964,IN_YEAR,2014
965,IN_YEAR,2014
966,IN_YEAR,2014
967,IN_YEAR,2014
968,IN_YEAR,2014
969,IN_YEAR,2014
970,IN_YEAR,2014
971,IN_YEAR,2014
972,IN_YEAR,2014
973,IN_YEAR,2014
974,IN_YEAR,2014
975,IN_YEAR,2014
976,IN_YEAR,2014
977,IN_YEAR,2014
978,IN_YEAR,2014
979,IN_YEAR,2014
980,IN_YEAR,2014
981,IN_YEAR,2014
982,IN_YEAR,2014
983,IN_YEAR,2014
984,IN_YEAR,2014
985,IN_YEAR,2014
986,IN_YEAR,2014
987,IN_YEAR,2014
988,IN_YEAR,2014
989,IN_YEAR,2014
990,IN_YEAR,2014
991,IN_YEAR,2014
992,IN_YEAR,2014
993,IN_YEAR,2014
994,IN_YEAR,2014
995,IN_YEAR,2014
996,IN_YEAR,2014
997,IN_YEAR,2014
998,IN_YEAR,2014
999,IN_YEAR,2014
1000,IN_YEAR,2014
1001,IN_YEAR,2014
1002,IN_YEAR,2014
1003,IN_YEAR,2014
1004,IN_YEAR,2014
1005,IN_YEAR,2014
1006,IN_YEAR,2014
1007,IN_YEAR,2014
1008,IN_YEAR,2014
1009,IN_YEAR,2014
1010,IN_YEAR,2014
1011,IN_YEAR,2014
1012,IN_YEAR,2014
1013,IN_YEAR,2014
1014,IN_YEAR,2014
1015,IN_YEAR,2014
1016,IN_YEAR,2014
1017,IN_YEAR,2014
1018,IN_YEAR,2014
1019,IN_YEAR,2014
1020,IN_YEAR,2014
1021,IN_YEAR,2014
1022,IN_YEAR,2014
1023,IN_YEAR,2014
1024,IN_YEAR,2014
1025,IN_YEAR,2014
1026,IN_YEAR,2014
1027,IN_YEAR,2014
1028,IN_YEAR,2014
1029,IN_YEAR,2014
1030,IN_YEAR,2014
1031,IN_YEAR,2015
1032,IN_YEAR,2015
1033,IN_YEAR,2015
1034,IN_YEAR,2015
1035,IN_YEAR,2015
1036,IN_YEAR,2015
1037,IN_YEAR,2015
1038,IN_YEAR,2015
1039,IN_YEAR,2015
1040,IN_YEAR,2015
1041,IN_YEAR,2015
1042,IN_YEAR,2015
1043,IN_YEAR,2015
1044,IN_YEAR,2015
1045,IN_YEAR,2015
1046,IN_YEAR,2015
1047,IN_YEAR,2015
1048,IN_YEAR,2015
1049,IN_YEAR,2015
1050,IN_YEAR,2015
1051,IN_YEAR,2015
1052,IN_YEAR,2015
1053,IN_YEAR,2015
1054,IN_YEAR,2015
1055,IN_YEAR,2015
1056,IN_YEAR,2015
1057,IN_YEAR,2015
1058,IN_YEAR,2015
1059,IN_YEAR,2015
1060,IN_YEAR,2015
1061,IN_YEAR,2015
1062,IN_YEAR,2015
1063,IN_YEAR,2015
1064,IN_YEAR,2015
1065,IN_YEAR,2015
1066,IN_YEAR,2015
1067,IN_YEAR,2015
1068,IN_YEAR,2015
1069,IN_YEAR,2015
1070,IN_YEAR,2015
1071,IN_YEAR,2015
1072,IN_YEAR,2015
1073,IN_YEAR,2015
1074,IN_YEAR,2015
1075,IN_YEAR,2015
1076,IN_YEAR,2015
1077,IN_YEAR,2015
1078,IN_YEAR,2015
1079,IN_YEAR,2015
1080,IN_YEAR,2015
1081,IN_YEAR,2015
1082,IN_YEAR,2015
1083,IN_YEAR,2015
1084,IN_YEAR,2015
1085,IN_YEAR,2015
1086,IN_YEAR,2015
1087,IN_YEAR,2015
1088,IN_YEAR,2015
1089,IN_YEAR,2015
1090,IN_YEAR,2015
1091,IN_YEAR,2015
1092,IN_YEAR,2015
1093,IN_YEAR,2015
1094,IN_YEAR,2015
1095,IN_YEAR,2015
1096,IN_YEAR,2015
1097,IN_YEAR,2015
1098,IN_YEAR,2015
1099,IN_YEAR,2015
1100,IN_YEAR,2015
1101,IN_YEAR,2015
1102,IN_YEAR,2015
1103,IN_YEAR,2015
1104,IN_YEAR,2015
1105,IN_YEAR,2015
1106,IN_YEAR,2015
1107,IN_YEAR,2015
1108,IN_YEAR,2015
1109,IN_YEAR,2015
1110,IN_YEAR,2015
1111,IN_YEAR,2015
1112,IN_YEAR,2015
1113,IN_YEAR,2015
1114,IN_YEAR,2015
1115,IN_YEAR,2015
1116,IN_YEAR,2015
1117,IN_YEAR,2015
1118,IN_YEAR,2015
1119,IN_YEAR,2015
1120,IN_YEAR,2015
1121,IN_YEAR,2015
1122,IN_YEAR,2015
1123,IN_YEAR,2015
1124,IN_YEAR,2015
1125,IN_YEAR,2015
1126,IN_YEAR,2015
1127,IN_YEAR,2015
1128,IN_YEAR,2015
1129,IN_YEAR,2015
1130,IN_YEAR,2015
1131,IN_YEAR,2015
1132,IN_YEAR,2015
1133,IN_YEAR,2015
1134,IN_YEAR,2015
1135,IN_YEAR,2015
1136,IN_YEAR,2015
1137,IN_YEAR,2015
1138,IN_YEAR,2015
1139,IN_YEAR,2015
1140,IN_YEAR,2015
1141,IN_YEAR,2015
1142,IN_YEAR,2015
1143,IN_YEAR,2015
1144,IN_YEAR,2015
1145,IN_YEAR,2015
1146,IN_YEAR,2015
1147,IN_YEAR,2015
1148,IN_YEAR,2015
1149,IN_YEAR,2015
1150,IN_YEAR,2015
1151,IN_YEAR,2015
1152,IN_YEAR,2015
1153,IN_YEAR,2015
1154,IN_YEAR,2015
1155,IN_YEAR,2015
1156,IN_YEAR,2015
1157,IN_YEAR,2015
1158,IN_YEAR,2015
1159,IN_YEAR,2015
1160,IN_YEAR,2015
1161,IN_YEAR,2015
1162,IN_YEAR,2015
1163,IN_YEAR,2015
1164,IN_YEAR,2015
1165,IN_YEAR,2015
1166,IN_YEAR,2015
1167,IN_YEAR,2015
1168,IN_YEAR,2015
1169,IN_YEAR,2015
1170,IN_YEAR,2015
1171,IN_YEAR,2015
1172,IN_YEAR,2015
1173,IN_YEAR,2015
1174,IN_YEAR,2015
1175,IN_YEAR,2015
1176,IN_YEAR,2015
1177,IN_YEAR,2015
1178,IN_YEAR,2015
1179,IN_YEAR,2015
1180,IN_YEAR,2015
1181,IN_YEAR,2015
1182,IN_YEAR,2015
1183,IN_YEAR,2015
1184,IN_YEAR,2015
1185,IN_YEAR,2015
1186,IN_YEAR,2015
1187,IN_YEAR,2015
1188,IN_YEAR,2015
1189,IN_YEAR,2015
1190,IN_YEAR,2015
1191,IN_YEAR,2015
1192,IN_YEAR,2015
1193,IN_YEAR,2015
1194,IN_YEAR,2015
1195,IN_YEAR,2015
1196,IN_YEAR,2015
1197,IN_YEAR,2015
1198,IN_YEAR,2015
1199,IN_YEAR,2015
1200,IN_YEAR,2015
1201,IN_YEAR,2015
1202,IN_YEAR,2015
1203,IN_YEAR,2015
1204,IN_YEAR,2015
1205,IN_YEAR,2015
1206,IN_YEAR,2015
1207,IN_YEAR,2015
1208,IN_YEAR,2015
1209,IN_YEAR,2015
1210,IN_YEAR,2015
1211,IN_YEAR,2015
1212,IN_YEAR,2015
1213,IN_YEAR,2015
1214,IN_YEAR,2015
1215,IN_YEAR,2015
1216,IN_YEAR,2015
1217,IN_YEAR,2015
1218,IN_YEAR,2015
1219,IN_YEAR,2015
1220,IN_YEAR,2015
1221,IN_YEAR,2015
1222,IN_YEAR,2015
1223,IN_YEAR,2015
1224,IN_YEAR,2015
1225,IN_YEAR,2015
1226,IN_YEAR,2015
1227,IN_YEAR,2015
1228,IN_YEAR,2015
1229,IN_YEAR,2015
1230,IN_YEAR,2015
1231,IN_YEAR,2015
1232,IN_YEAR,2015
1233,IN_YEAR,2015
1234,IN_YEAR,2015
1235,IN_YEAR,2015
1236,IN_YEAR,2015
1237,IN_YEAR,2015
1238,IN_YEAR,2015
1239,IN_YEAR,2015
1240,IN_YEAR,2015
1241,IN_YEAR,2015
1242,IN_YEAR,2015
1243,IN_YEAR,2015
1244,IN_YEAR,2015
1245,IN_YEAR,2015
1246,IN_YEAR,2015
1247,IN_YEAR,2015
1248,IN_YEAR,2015
1249,IN_YEAR,2015
1250,IN_YEAR,2015
1251,IN_YEAR,2015
1252,IN_YEAR,2015
1253,IN_YEAR,2015
1254,IN_YEAR,2015
1255,IN_YEAR,2015
1256,IN_YEAR,2015
1257,IN_YEAR,2015
1258,IN_YEAR,2015
1259,IN_YEAR,2015
1260,IN_YEAR,2015
1261,IN_YEAR,2015
1262,IN_YEAR,2015
1263,IN_YEAR,2015
1264,IN_YEAR,2015
1265,IN_YEAR,2015
1266,IN_YEAR,2015
1267,IN_YEAR,2015
1268,IN_YEAR,2015
1269,IN_YEAR,2015
1270,IN_YEAR,2015
1271,IN_YEAR,2015
1272,IN_YEAR,2015
1273,IN_YEAR,2015
1274,IN_YEAR,2015
1275,IN_YEAR,2015
1276,IN_YEAR,2015
1277,IN_YEAR,2015
1278,IN_YEAR,2015
1279,IN_YEAR,2015
1280,IN_YEAR,2015
1281,IN_YEAR,2015
1282,IN_YEAR,2015
1283,IN_YEAR,2015
1284,IN_YEAR,2015
1285,IN_YEAR,2015
1286,IN_YEAR,2015
1287,IN_YEAR,2015
1288,IN_YEAR,2015
1289,IN_YEAR,2015
1290,IN_YEAR,2015
1291,IN_YEAR,2015
1292,IN_YEAR,2015
1293,IN_YEAR,2015
1294,IN_YEAR,2015
1295,IN_YEAR,2015
1296,IN_YEAR,2015
1297,IN_YEAR,2015
1298,IN_YEAR,2015
1299,IN_YEAR,2015
1300,IN_YEAR,2015
1301,IN_YEAR,2015
1302,IN_YEAR,2015
1303,IN_YEAR,2015
1304,IN_YEAR,2015
1305,IN_YEAR,2015
1306,IN_YEAR,2015
1307,IN_YEAR,2015
1308,IN_YEAR,2015
1309,IN_YEAR,2016
1310,IN_YEAR,2016
1311,IN_YEAR,2016
1312,IN_YEAR,2016
1313,IN_YEAR,2016
1314,IN_YEAR,2016
1315,IN_YEAR,2016
1316,IN_YEAR,2016
1317,IN_YEAR,2016
1318,IN_YEAR,2016
1319,IN_YEAR,2016
1320,IN_YEAR,2016
1321,IN_YEAR,2016
1322,IN_YEAR,2016
1323,IN_YEAR,2016
1324,IN_YEAR,2016
1325,IN_YEAR,2016
1326,IN_YEAR,2016
1327,IN_YEAR,2016
1328,IN_YEAR,2016
1329,IN_YEAR,2016
1330,IN_YEAR,2016
1331,IN_YEAR,2016
1332,IN_YEAR,2016
1333,IN_YEAR,2016
1334,IN_YEAR,2016
1335,IN_YEAR,2016
1336,IN_YEAR,2016
1337,IN_YEAR,2016
1338,IN_YEAR,2016
1339,IN_YEAR,2016
1340,IN_YEAR,2016
1341,IN_YEAR,2016
1342,IN_YEAR,2016
1343,IN_YEAR,2016
1344,IN_YEAR,2016
1345,IN_YEAR,2016
1346,IN_YEAR,2016
1347,IN_YEAR,2016
1348,IN_YEAR,2016
1349,IN_YEAR,2016
1350,IN_YEAR,2016
1351,IN_YEAR,2016
1352,IN_YEAR,2016
1353,IN_YEAR,2016
1354,IN_YEAR,2016
1355,IN_YEAR,2016
1356,IN_YEAR,2016
1357,IN_YEAR,2016
1358,IN_YEAR,2016
1359,IN_YEAR,2016
1360,IN_YEAR,2016
1361,IN_YEAR,2016
1362,IN_YEAR,2016
1363,IN_YEAR,2016
1364,IN_YEAR,2016
1365,IN_YEAR,2016
1366,IN_YEAR,2016
1367,IN_YEAR,2016
1368,IN_YEAR,2016
1369,IN_YEAR,2016
1370,IN_YEAR,2016
1371,IN_YEAR,2016
1372,IN_YEAR,2016
1373,IN_YEAR,2016
1374,IN_YEAR,2016
1375,IN_YEAR,2016
1376,IN_YEAR,2016
1377,IN_YEAR,2016
1378,IN_YEAR,2016
1379,IN_YEAR,2016
1380,IN_YEAR,2016
1381,IN_YEAR,2016
1382,IN_YEAR,2016
1383,IN_YEAR,2016
1384,IN_YEAR,2016
1385,IN_YEAR,2016
1386,IN_YEAR,2016
1387,IN_YEAR,2016
1388,IN_YEAR,2016
1389,IN_YEAR,2016
1390,IN_YEAR,2016
1391,IN_YEAR,2016
1392,IN_YEAR,2016
1393,IN_YEAR,2016
1394,IN_YEAR,2016
1395,IN_YEAR,2016
1396,IN_YEAR,2016
1397,IN_YEAR,2016
1398,IN_YEAR,2016
1399,IN_YEAR,2016
1400,IN_YEAR,2016
1401,IN_YEAR,2016
1402,IN_YEAR,2016
1403,IN_YEAR,2016
1404,IN_YEAR,2016
1405,IN_YEAR,2016
1406,IN_YEAR,2016
1407,IN_YEAR,2016
1408,IN_YEAR,2016
1409,IN_YEAR,2016
1410,IN_YEAR,2016
1411,IN_YEAR,2016
1412,IN_YEAR,2016
1413,IN_YEAR,2016
1414,IN_YEAR,2016
1415,IN_YEAR,2016
1416,IN_YEAR,2016
1417,IN_YEAR,2016
1418,IN_YEAR,2016
1419,IN_YEAR,2016
1420,IN_YEAR,2016
1421,IN_YEAR,2016
1422,IN_YEAR,2016
1423,IN_YEAR,2016
1424,IN_YEAR,2016
1425,IN_YEAR,2016
1426,IN_YEAR,2016
1427,IN_YEAR,2016
1428,IN_YEAR,2016
1429,IN_YEAR,2016
1430,IN_YEAR,2016
1431,IN_YEAR,2016
1432,IN_YEAR,2016
1433,IN_YEAR,2016
1434,IN_YEAR,2016
1435,IN_YEAR,2016
1436,IN_YEAR,2016
1437,IN_YEAR,2016
1438,IN_YEAR,2016
1439,IN_YEAR,2016
1440,IN_YEAR,2016
1441,IN_YEAR,2016
1442,IN_YEAR,2016
1443,IN_YEAR,2016
1444,IN_YEAR,2016
1445,IN_YEAR,2016
1446,IN_YEAR,2016
1447,IN_YEAR,2016
1448,IN_YEAR,2016
1449,IN_YEAR,2016
1450,IN_YEAR,2016
1451,IN_YEAR,2016
1452,IN_YEAR,2016
1453,IN_YEAR,2016
1454,IN_YEAR,2016
1455,IN_YEAR,2016
1456,IN_YEAR,2016
1457,IN_YEAR,2016
1458,IN_YEAR,2016
1459,IN_YEAR,2016
1460,IN_YEAR,2016
1461,IN_YEAR,2016
1462,IN_YEAR,2016
1463,IN_YEAR,2016
1464,IN_YEAR,2016
1465,IN_YEAR,2016
1466,IN_YEAR,2016
1467,IN_YEAR,2016
1468,IN_YEAR,2016
1469,IN_YEAR,2016
1470,IN_YEAR,2016
1471,IN_YEAR,2016
1472,IN_YEAR,2016
1473,IN_YEAR,2016
1474,IN_YEAR,2016
1475,IN_YEAR,2016
1476,IN_YEAR,2016
1477,IN_YEAR,2016
1478,IN_YEAR,2016
1479,IN_YEAR,2016
1480,IN_YEAR,2016
1481,IN_YEAR,2016
1482,IN_YEAR,2016
1483,IN_YEAR,2016
1484,IN_YEAR,2016
1485,IN_YEAR,2016
1486,IN_YEAR,2016
1487,IN_YEAR,2016
1488,IN_YEAR,2016
1489,IN_YEAR,2016
1490,IN_YEAR,2016
1491,IN_YEAR,2016
1492,IN_YEAR,2016
1493,IN_YEAR,2016
1494,IN_YEAR,2016
1495,IN_YEAR,2016
1496,IN_YEAR,2016
1497,IN_YEAR,2016
1498,IN_YEAR,2016
1499,IN_YEAR,2016
1500,IN_YEAR,2016
1501,IN_YEAR,2016
1502,IN_YEAR,2016
1503,IN_YEAR,2016
1504,IN_YEAR,2016
1505,IN_YEAR,2016
1506,IN_YEAR,2016
1507,IN_YEAR,2016
1508,IN_YEAR,2016
1509,IN_YEAR,2016
1510,IN_YEAR,2016
1511,IN_YEAR,2016
1512,IN_YEAR,2016
1513,IN_YEAR,2016
1514,IN_YEAR,2016
1515,IN_YEAR,2016
1516,IN_YEAR,2016
1517,IN_YEAR,2016
1518,IN_YEAR,2016
1519,IN_YEAR,2016
1520,IN_YEAR,2016
1521,IN_YEAR,2016
1522,IN_YEAR,2016
1523,IN_YEAR,2016
1524,IN_YEAR,2016
1525,IN_YEAR,2016
1526,IN_YEAR,2016
1527,IN_YEAR,2016
1528,IN_YEAR,2016
1529,IN_YEAR,2016
1530,IN_YEAR,2016
1531,IN_YEAR,2016
1532,IN_YEAR,2016
1533,IN_YEAR,2016
1534,IN_YEAR,2016
1535,IN_YEAR,2016
1536,IN_YEAR,2016
1537,IN_YEAR,2016
1538,IN_YEAR,2016
1539,IN_YEAR,2016
1540,IN_YEAR,2016
1541,IN_YEAR,2016
1542,IN_YEAR,2016
1543,IN_YEAR,2016
1544,IN_YEAR,2016
1545,IN_YEAR,2016
1546,IN_YEAR,2016
1547,IN_YEAR,2016
1548,IN_YEAR,2016
1549,IN_YEAR,2016
1550,IN_YEAR,2016
1551,IN_YEAR,2016
1552,IN_YEAR,2016
1553,IN_YEAR,2016
1554,IN_YEAR,2016
1555,IN_YEAR,2016
1556,IN_YEAR,2016
1557,IN_YEAR,2016
1558,IN_YEAR,2016
1559,IN_YEAR,2016
1560,IN_YEAR,2016
1561,IN_YEAR,2016
1562,IN_YEAR,2016
1563,IN_YEAR,2016
1564,IN_YEAR,2016
1565,IN_YEAR,2016
1566,IN_YEAR,2016
1567,IN_YEAR,2016
1568,IN_YEAR,2016
1569,IN_YEAR,2016
1570,IN_YEAR,2016
1571,IN_YEAR,2016
1572,IN_YEAR,2016
1573,IN_YEAR,2016
1574,IN_YEAR,2016
1575,IN_YEAR,2016
1576,IN_YEAR,2016
1577,IN_YEAR,2016
1578,IN_YEAR,2016
1579,IN_YEAR,2016
1580,IN_YEAR,2016
1581,IN_YEAR,2016
1582,IN_YEAR,2016
1583,IN_YEAR,2016
1584,IN_YEAR,2016
1585,IN_YEAR,2016
1586,IN_YEAR,2016
1587,IN_YEAR,2016
1588,IN_YEAR,2016
1589,IN_YEAR,2016
1590,IN_YEAR,2016
1591,IN_YEAR,2016
1592,IN_YEAR,2016
1593,IN_YEAR,2016
1594,IN_YEAR,2016
1595,IN_YEAR,2016
1596,IN_YEAR,2017
1597,IN_YEAR,2017
1598,IN_YEAR,2017
1599,IN_YEAR,2017
1600,IN_YEAR,2017
1601,IN_YEAR,2017
1602,IN_YEAR,2017
1603,IN_YEAR,2017
1604,IN_YEAR,2017
1605,IN_YEAR,2017
1606,IN_YEAR,2017
1607,IN_YEAR,2017
1608,IN_YEAR,2017
1609,IN_YEAR,2017
1610,IN_YEAR,2017
1611,IN_YEAR,2017
1612,IN_YEAR,2017
1613,IN_YEAR,2017
1614,IN_YEAR,2017
1615,IN_YEAR,2017
1616,IN_YEAR,2017
1617,IN_YEAR,2017
1618,IN_YEAR,2017
1619,IN_YEAR,2017
1620,IN_YEAR,2017
1621,IN_YEAR,2017
1622,IN_YEAR,2017
1623,IN_YEAR,2017
1624,IN_YEAR,2017
1625,IN_YEAR,2017
1626,IN_YEAR,2017
1627,IN_YEAR,2017
1628,IN_YEAR,2017
1629,IN_YEAR,2017
1630,IN_YEAR,2017
1631,IN_YEAR,2017
1632,IN_YEAR,2017
1633,IN_YEAR,2017
1634,IN_YEAR,2017
1635,IN_YEAR,2017
1636,IN_YEAR,2017
1637,IN_YEAR,2017
1638,IN_YEAR,2017
1639,IN_YEAR,2017
1640,IN_YEAR,2017
1641,IN_YEAR,2017
1642,IN_YEAR,2017
1643,IN_YEAR,2017
1644,IN_YEAR,2017
1645,IN_YEAR,2017
1646,IN_YEAR,2017
1647,IN_YEAR,2017
1648,IN_YEAR,2017
1649,IN_YEAR,2017
1650,IN_YEAR,2017
1651,IN_YEAR,2017
1652,IN_YEAR,2017
1653,IN_YEAR,2017
1654,IN_YEAR,2017
1655,IN_YEAR,2017
1656,IN_YEAR,2017
1657,IN_YEAR,2017
1658,IN_YEAR,2017
1659,IN_YEAR,2017
1660,IN_YEAR,2017
1661,IN_YEAR,2017
1662,IN_YEAR,2017
1663,IN_YEAR,2017
1664,IN_YEAR,2017
1665,IN_YEAR,2017
1666,IN_YEAR,2017
1667,IN_YEAR,2017
1668,IN_YEAR,2017
1669,IN_YEAR,2017
1670,IN_YEAR,2017
1671,IN_YEAR,2017
1672,IN_YEAR,2017
1673,IN_YEAR,2017
1674,IN_YEAR,2017
1675,IN_YEAR,2017
1676,IN_YEAR,2017
1677,IN_YEAR,2017
1678,IN_YEAR,2017
1679,IN_YEAR,2017
1680,IN_YEAR,2017
1681,IN_YEAR,2017
1682,IN_YEAR,2017
1683,IN_YEAR,2017
1684,IN_YEAR,2017
1685,IN_YEAR,2017
1686,IN_YEAR,2017
1687,IN_YEAR,2017
1688,IN_YEAR,2017
1689,IN_YEAR,2017
1690,IN_YEAR,2017
1691,IN_YEAR,2017
1692,IN_YEAR,2017
1693,IN_YEAR,2017
1694,IN_YEAR,2017
1695,IN_YEAR,2017
1696,IN_YEAR,2017
1697,IN_YEAR,2017
1698,IN_YEAR,2017
1699,IN_YEAR,2017
1700,IN_YEAR,2017
1701,IN_YEAR,2017
1702,IN_YEAR,2017
1703,IN_YEAR,2017
1704,IN_YEAR,2017
1705,IN_YEAR,2017
1706,IN_YEAR,2017
1707,IN_YEAR,2017
1708,IN_YEAR,2017
1709,IN_YEAR,2017
1710,IN_YEAR,2017
1711,IN_YEAR,2017
1712,IN_YEAR,2017
1713,IN_YEAR,2017
1714,IN_YEAR,2017
1715,IN_YEAR,2017
1716,IN_YEAR,2017
1717,IN_YEAR,2017
1718,IN_YEAR,2017
1719,IN_YEAR,2017
1720,IN_YEAR,2017
1721,IN_YEAR,2017
1722,IN_YEAR,2017
1723,IN_YEAR,2017
1724,IN_YEAR,2017
1725,IN_YEAR,2017
1726,IN_YEAR,2017
1727,IN_YEAR,2017
1728,IN_YEAR,2017
1729,IN_YEAR,2017
1730,IN_YEAR,2017
1731,IN_YEAR,2017
1732,IN_YEAR,2017
1733,IN_YEAR,2017
1734,IN_YEAR,2017
1735,IN_YEAR,2017
1736,IN_YEAR,2017
1737,IN_YEAR,2017
1738,IN_YEAR,2017
1739,IN_YEAR,2017
1740,IN_YEAR,2017
1741,IN_YEAR,2017
1742,IN_YEAR,2017
1743,IN_YEAR,2017
1744,IN_YEAR,2017
1745,IN_YEAR,2017
1746,IN_YEAR,2017
1747,IN_YEAR,2017
1748,IN_YEAR,2017
1749,IN_YEAR,2017
1750,IN_YEAR,2017
1751,IN_YEAR,2017
1752,IN_YEAR,2017
1753,IN_YEAR,2017
1754,IN_YEAR,2017
1755,IN_YEAR,2017
1756,IN_YEAR,2017
1757,IN_YEAR,2017
1758,IN_YEAR,2017
1759,IN_YEAR,2017
1760,IN_YEAR,2017
1761,IN_YEAR,2017
1762,IN_YEAR,2017
1763,IN_YEAR,2017
1764,IN_YEAR,2017
1765,IN_YEAR,2017
1766,IN_YEAR,2017
1767,IN_YEAR,2017
1768,IN_YEAR,2017
1769,IN_YEAR,2017
1770,IN_YEAR,2017
1771,IN_YEAR,2017
1772,IN_YEAR,2017
1773,IN_YEAR,2017
1774,IN_YEAR,2017
1775,IN_YEAR,2017
1776,IN_YEAR,2017
1777,IN_YEAR,2017
1778,IN_YEAR,2017
1779,IN_YEAR,2017
1780,IN_YEAR,2017
1781,IN_YEAR,2017
1782,IN_YEAR,2017
1783,IN_YEAR,2017
1784,IN_YEAR,2017
1785,IN_YEAR,2017
1786,IN_YEAR,2017
1787,IN_YEAR,2017
1788,IN_YEAR,2017
1789,IN_YEAR,2017
1790,IN_YEAR,2017
1791,IN_YEAR,2017
1792,IN_YEAR,2017
1793,IN_YEAR,2017
1794,IN_YEAR,2017
1795,IN_YEAR,2017
1796,IN_YEAR,2017
1797,IN_YEAR,2017
1798,IN_YEAR,2017
1799,IN_YEAR,2017
1800,IN_YEAR,2017
1801,IN_YEAR,2017
1802,IN_YEAR,2017
1803,IN_YEAR,2017
1804,IN_YEAR,2017
1805,IN_YEAR,2017
1806,IN_YEAR,2017
1807,IN_YEAR,2017
1808,IN_YEAR,2017
1809,IN_YEAR,2017
1810,IN_YEAR,2017
1811,IN_YEAR,2017
1812,IN_YEAR,2017
1813,IN_YEAR,2017
1814,IN_YEAR,2017
1815,IN_YEAR,2017
1816,IN_YEAR,2017
1817,IN_YEAR,2017
1818,IN_YEAR,2017
1819,IN_YEAR,2017
1820,IN_YEAR,2017
1821,IN_YEAR,2017
1822,IN_YEAR,2017
1823,IN_YEAR,2017
1824,IN_YEAR,2017
1825,IN_YEAR,2017
1826,IN_YEAR,2017
1827,IN_YEAR,2017
1828,IN_YEAR,2017
1829,IN_YEAR,2017
1830,IN_YEAR,2017
1831,IN_YEAR,2017
1832,IN_YEAR,2017
1833,IN_YEAR,2017
1834,IN_YEAR,2017
1835,IN_YEAR,2017
1836,IN_YEAR,2017
1837,IN_YEAR,2017
1838,IN_YEAR,2017
1839,IN_YEAR,2017
1840,IN_YEAR,2017
1841,IN_YEAR,2017
1842,IN_YEAR,2017
1843,IN_YEAR,2017
1844,IN_YEAR,2017
1845,IN_YEAR,2017
1846,IN_YEAR,2017
1847,IN_YEAR,2017
1848,IN_YEAR,2017
1849,IN_YEAR,2017
1850,IN_YEAR,2017
1851,IN_YEAR,2017
1852,IN_YEAR,2017
1853,IN_YEAR,2017
1854,IN_YEAR,2017
1855,IN_YEAR,2017
1856,IN_YEAR,2017
1857,IN_YEAR,2017
1858,IN_YEAR,2017
1859,IN_YEAR,2017
1860,IN_YEAR,2017
1861,IN_YEAR,2017
1862,IN_YEAR,2017
1863,IN_YEAR,2017
1864,IN_YEAR,2017
1865,IN_YEAR,2017
1866,IN_YEAR,2017
1867,IN_YEAR,2017
1868,IN_YEAR,2017
1869,IN_YEAR,2017
1870,IN_YEAR,2017
1871,IN_YEAR,2017
1872,IN_YEAR,2017
1873,IN_YEAR,2017
1874,IN_YEAR,2017
1875,IN_YEAR,2017
1876,IN_YEAR,2017
1877,IN_YEAR,2017
1878,IN_YEAR,2017
1879,IN_YEAR,2017
1880,IN_YEAR,2017
1881,IN_YEAR,2017
1882,IN_YEAR,2017
1883,IN_YEAR,2017
1884,IN_YEAR,2017
1885,IN_YEAR,2017
1886,IN_YEAR,2017
1887,IN_YEAR,2017
1888,IN_YEAR,2017
1889,IN_YEAR,2017
1890,IN_YEAR,2017
1891,IN_YEAR,2017
1892,IN_YEAR,2018
1893,IN_YEAR,2018
1894,IN_YEAR,2018
1895,IN_YEAR,2018
1896,IN_YEAR,2018
1897,IN_YEAR,2018
1898,IN_YEAR,2018
1899,IN_YEAR,2018
1900,IN_YEAR,2018
1901,IN_YEAR,2018
1902,IN_YEAR,2018
1903,IN_YEAR,2018
1904,IN_YEAR,2018
1905,IN_YEAR,2018
1906,IN_YEAR,2018
1907,IN_YEAR,2018
1908,IN_YEAR,2018
1909,IN_YEAR,2018
1910,IN_YEAR,2018
1911,IN_YEAR,2018
1912,IN_YEAR,2018
1913,IN_YEAR,2018
1914,IN_YEAR,2018
1915,IN_YEAR,2018
1916,IN_YEAR,2018
1917,IN_YEAR,2018
1918,IN_YEAR,2018
1919,IN_YEAR,2018
1920,IN_YEAR,2018
1921,IN_YEAR,2018
1922,IN_YEAR,2018
1923,IN_YEAR,2018
1924,IN_YEAR,2018
1925,IN_YEAR,2018
1926,IN_YEAR,2018
1927,IN_YEAR,2018
1928,IN_YEAR,2018
1929,IN_YEAR,2018
1930,IN_YEAR,2018
1931,IN_YEAR,2018
1932,IN_YEAR,2018
1933,IN_YEAR,2018
1934,IN_YEAR,2018
1935,IN_YEAR,2018
1936,IN_YEAR,2018
1937,IN_YEAR,2018
1938,IN_YEAR,2018
1939,IN_YEAR,2018
1940,IN_YEAR,2018
1941,IN_YEAR,2018
1942,IN_YEAR,2018
1943,IN_YEAR,2018
1944,IN_YEAR,2018
1945,IN_YEAR,2018
1946,IN_YEAR,2018
1947,IN_YEAR,2018
1948,IN_YEAR,2018
1949,IN_YEAR,2018
1950,IN_YEAR,2018
1951,IN_YEAR,2018
1952,IN_YEAR,2018
1953,IN_YEAR,2018
1954,IN_YEAR,2018
1955,IN_YEAR,2018
1956,IN_YEAR,2018
1957,IN_YEAR,2018
1958,IN_YEAR,2018
1959,IN_YEAR,2018
1960,IN_YEAR,2018
1961,IN_YEAR,2018
1962,IN_YEAR,2018
1963,IN_YEAR,2018
1964,IN_YEAR,2018
1965,IN_YEAR,2018
1966,IN_YEAR,2018
1967,IN_YEAR,2018
1968,IN_YEAR,2018
1969,IN_YEAR,2018
1970,IN_YEAR,2018
1971,IN_YEAR,2018
1972,IN_YEAR,2018
1973,IN_YEAR,2018
1974,IN_YEAR,2018
1975,IN_YEAR,2018
1976,IN_YEAR,2018
1977,IN_YEAR,2018
1978,IN_YEAR,2018
1979,IN_YEAR,2018
1980,IN_YEAR,2018
1981,IN_YEAR,2018
1982,IN_YEAR,2018
1983,IN_YEAR,2018
1984,IN_YEAR,2018
1985,IN_YEAR,2018
1986,IN_YEAR,2018
1987,IN_YEAR,2018
1988,IN_YEAR,2018
1989,IN_YEAR,2018
1990,IN_YEAR,2018
1991,IN_YEAR,2018
1992,IN_YEAR,2018
1993,IN_YEAR,2018
1994,IN_YEAR,2018
1995,IN_YEAR,2018
1996,IN_YEAR,2018
1997,IN_YEAR,2018
1998,IN_YEAR,2018
1999,IN_YEAR,2018
2000,IN_YEAR,2018
2001,IN_YEAR,2018
2002,IN_YEAR,2018
2003,IN_YEAR,2018
2004,IN_YEAR,2018
2005,IN_YEAR,2018
2006,IN_YEAR,2018
2007,IN_YEAR,2018
2008,IN_YEAR,2018
2009,IN_YEAR,2018
2010,IN_YEAR,2018
2011,IN_YEAR,2018
2012,IN_YEAR,2018
2013,IN_YEAR,2018
2014,IN_YEAR,2018
2015,IN_YEAR,2018
2016,IN_YEAR,2018
2017,IN_YEAR,2018
2018,IN_YEAR,2018
2019,IN_YEAR,2018
2020,IN_YEAR,2018
2021,IN_YEAR,2018
2022,IN_YEAR,2018
2023,IN_YEAR,2018
2024,IN_YEAR,2018
2025,IN_YEAR,2018
2026,IN_YEAR,2018
2027,IN_YEAR,2018
2028,IN_YEAR,2018
2029,IN_YEAR,2018
2030,IN_YEAR,2018
2031,IN_YEAR,2018
2032,IN_YEAR,2018
2033,IN_YEAR,2018
2034,IN_YEAR,2018
2035,IN_YEAR,2018
2036,IN_YEAR,2018
2037,IN_YEAR,2018
2038,IN_YEAR,2018
2039,IN_YEAR,2018
2040,IN_YEAR,2018
2041,IN_YEAR,2018
2042,IN_YEAR,2018
2043,IN_YEAR,2018
2044,IN_YEAR,2018
2045,IN_YEAR,2018
2046,IN_YEAR,2018
2047,IN_YEAR,2018
2048,IN_YEAR,2018
2049,IN_YEAR,2018
2050,IN_YEAR,2018
2051,IN_YEAR,2018
2052,IN_YEAR,2018
2053,IN_YEAR,2018
2054,IN_YEAR,2018
2055,IN_YEAR,2018
2056,IN_YEAR,2018
2057,IN_YEAR,2018
2058,IN_YEAR,2018
2059,IN_YEAR,2018
2060,IN_YEAR,2018
2061,IN_YEAR,2018
2062,IN_YEAR,2018
2063,IN_YEAR,2018
2064,IN_YEAR,2018
2065,IN_YEAR,2018
2066,IN_YEAR,2018
2067,IN_YEAR,2018
2068,IN_YEAR,2018
2069,IN_YEAR,2018
2070,IN_YEAR,2018
2071,IN_YEAR,2018
2072,IN_YEAR,2018
2073,IN_YEAR,2018
2074,IN_YEAR,2018
2075,IN_YEAR,2018
2076,IN_YEAR,2018
2077,IN_YEAR,2018
2078,IN_YEAR,2018
2079,IN_YEAR,2018
2080,IN_YEAR,2018
2081,IN_YEAR,2018
2082,IN_YEAR,2018
2083,IN_YEAR,2018
2084,IN_YEAR,2018
2085,IN_YEAR,2018
2086,IN_YEAR,2018
2087,IN_YEAR,2018
2088,IN_YEAR,2018
2089,IN_YEAR,2018
2090,IN_YEAR,2018
2091,IN_YEAR,2018
2092,IN_YEAR,2018
2093,IN_YEAR,2018
2094,IN_YEAR,2018
2095,IN_YEAR,2018
2096,IN_YEAR,2018
2097,IN_YEAR,2018
2098,IN_YEAR,2018
2099,IN_YEAR,2018
2100,IN_YEAR,2018
2101,IN_YEAR,2018
2102,IN_YEAR,2018
2103,IN_YEAR,2018
2104,IN_YEAR,2018
2105,IN_YEAR,2018
2106,IN_YEAR,2018
2107,IN_YEAR,2018
2108,IN_YEAR,2018
2109,IN_YEAR,2018
2110,IN_YEAR,2018
2111,IN_YEAR,2018
2112,IN_YEAR,2018
2113,IN_YEAR,2018
2114,IN_YEAR,2018
2115,IN_YEAR,2018
2116,IN_YEAR,2018
2117,IN_YEAR,2018
2118,IN_YEAR,2018
2119,IN_YEAR,2018
2120,IN_YEAR,2018
2121,IN_YEAR,2018
2122,IN_YEAR,2018
2123,IN_YEAR,2018
2124,IN_YEAR,2018
2125,IN_YEAR,2018
2126,IN_YEAR,2018
2127,IN_YEAR,2018
2128,IN_YEAR,2018
2129,IN_YEAR,2018
2130,IN_YEAR,2018
2131,IN_YEAR,2018
2132,IN_YEAR,2018
2133,IN_YEAR,2018
2134,IN_YEAR,2018
2135,IN_YEAR,2018
2136,IN_YEAR,2018
2137,IN_YEAR,2018
2138,IN_YEAR,2018
2139,IN_YEAR,2018
2140,IN_YEAR,2018
2141,IN_YEAR,2018
2142,IN_YEAR,2018
2143,IN_YEAR,2018
2144,IN_YEAR,2018
2145,IN_YEAR,2018
2146,IN_YEAR,2018
2147,IN_YEAR,2018
2148,IN_YEAR,2018
2149,IN_YEAR,2018
2150,IN_YEAR,2018
2151,IN_YEAR,2018
2152,IN_YEAR,2018
2153,IN_YEAR,2018
2154,IN_YEAR,2018
2155,IN_YEAR,2018
2156,IN_YEAR,2018
2157,IN_YEAR,2018
2158,IN_YEAR,2018
2159,IN_YEAR,2018
2160,IN_YEAR,2018
2161,IN_YEAR,2018
2162,IN_YEAR,2018
2163,IN_YEAR,2018
2164,IN_YEAR,2018
2165,IN_YEAR,2018
2166,IN_YEAR,2018
2167,IN_YEAR,2018
2168,IN_YEAR,2018
2169,IN_YEAR,2018
2170,IN_YEAR,2018
2171,IN_YEAR,2018
2172,IN_YEAR,2018
2173,IN_YEAR,2018
2174,IN_YEAR,2018
2175,IN_YEAR,2018
2176,IN_YEAR,2018
2177,IN_YEAR,2018
2178,IN_YEAR,2018
2179,IN_YEAR,2018
2180,IN_YEAR,2019
2181,IN_YEAR,2019
2182,IN_YEAR,2019
2183,IN_YEAR,2019
2184,IN_YEAR,2019
2185,IN_YEAR,2019
2186,IN_YEAR,2019
2187,IN_YEAR,2019
2188,IN_YEAR,2019
2189,IN_YEAR,2019
2190,IN_YEAR,2019
2191,IN_YEAR,2019
2192,IN_YEAR,2019
2193,IN_YEAR,2019
2194,IN_YEAR,2019
2195,IN_YEAR,2019
2196,IN_YEAR,2019
2197,IN_YEAR,2019
2198,IN_YEAR,2019
2199,IN_YEAR,2019
2200,IN_YEAR,2019
2201,IN_YEAR,2019
2202,IN_YEAR,2019
2203,IN_YEAR,2019
2204,IN_YEAR,2019
2205,IN_YEAR,2019
2206,IN_YEAR,2019
2207,IN_YEAR,2019
2208,IN_YEAR,2019
2209,IN_YEAR,2019
2210,IN_YEAR,2019
2211,IN_YEAR,2019
2212,IN_YEAR,2019
2213,IN_YEAR,2019
2214,IN_YEAR,2019
2215,IN_YEAR,2019
2216,IN_YEAR,2019
2217,IN_YEAR,2019
2218,IN_YEAR,2019
2219,IN_YEAR,2019
2220,IN_YEAR,2019
2221,IN_YEAR,2019
2222,IN_YEAR,2019
2223,IN_YEAR,2019
2224,IN_YEAR,2019
2225,IN_YEAR,2019
2226,IN_YEAR,2019
2227,IN_YEAR,2019
2228,IN_YEAR,2019
2229,IN_YEAR,2019
2230,IN_YEAR,2019
2231,IN_YEAR,2019
2232,IN_YEAR,2019
2233,IN_YEAR,2019
2234,IN_YEAR,2019
2235,IN_YEAR,2019
2236,IN_YEAR,2019
2237,IN_YEAR,2019
2238,IN_YEAR,2019
2239,IN_YEAR,2019
2240,IN_YEAR,2019
2241,IN_YEAR,2019
2242,IN_YEAR,2019
2243,IN_YEAR,2019
2244,IN_YEAR,2019
2245,IN_YEAR,2019
2246,IN_YEAR,2019
2247,IN_YEAR,2019
2248,IN_YEAR,2019
2249,IN_YEAR,2019
2250,IN_YEAR,2019
2251,IN_YEAR,2019
2252,IN_YEAR,2019
2253,IN_YEAR,2019
2254,IN_YEAR,2019
2255,IN_YEAR,2019
2256,IN_YEAR,2019
2257,IN_YEAR,2019
2258,IN_YEAR,2019
2259,IN_YEAR,2019
2260,IN_YEAR,2019
2261,IN_YEAR,2019
2262,IN_YEAR,2019
2263,IN_YEAR,2019
2264,IN_YEAR,2019
2265,IN_YEAR,2019
2266,IN_YEAR,2019
2267,IN_YEAR,2019
2268,IN_YEAR,2019
2269,IN_YEAR,2019
2270,IN_YEAR,2019
2271,IN_YEAR,2019
2272,IN_YEAR,2019
2273,IN_YEAR,2019
2274,IN_YEAR,2019
2275,IN_YEAR,2019
2276,IN_YEAR,2019
2277,IN_YEAR,2019
2278,IN_YEAR,2019
2279,IN_YEAR,2019
2280,IN_YEAR,2019
2281,IN_YEAR,2019
2282,IN_YEAR,2019
2283,IN_YEAR,2019
2284,IN_YEAR,2019
2285,IN_YEAR,2019
2286,IN_YEAR,2019
2287,IN_YEAR,2019
2288,IN_YEAR,2019
2289,IN_YEAR,2019
2290,IN_YEAR,2019
2291,IN_YEAR,2019
2292,IN_YEAR,2019
2293,IN_YEAR,2019
2294,IN_YEAR,2019
2295,IN_YEAR,2019
2296,IN_YEAR,2019
2297,IN_YEAR,2019
2298,IN_YEAR,2019
2299,IN_YEAR,2019
2300,IN_YEAR,2019
2301,IN_YEAR,2019
2302,IN_YEAR,2019
2303,IN_YEAR,2019
2304,IN_YEAR,2019
2305,IN_YEAR,2019
2306,IN_YEAR,2019
2307,IN_YEAR,2019
2308,IN_YEAR,2019
2309,IN_YEAR,2019
2310,IN_YEAR,2019
2311,IN_YEAR,2019
2312,IN_YEAR,2019
2313,IN_YEAR,2019
2314,IN_YEAR,2019
2315,IN_YEAR,2019
2316,IN_YEAR,2019
2317,IN_YEAR,2019
2318,IN_YEAR,2019
2319,IN_YEAR,2019
2320,IN_YEAR,2019
2321,IN_YEAR,2019
2322,IN_YEAR,2019
2323,IN_YEAR,2019
2324,IN_YEAR,2019
2325,IN_YEAR,2019
2326,IN_YEAR,2019
2327,IN_YEAR,2019
2328,IN_YEAR,2019
2329,IN_YEAR,2019
2330,IN_YEAR,2019
2331,IN_YEAR,2019
2332,IN_YEAR,2019
2333,IN_YEAR,2019
2334,IN_YEAR,2019
2335,IN_YEAR,2019
2336,IN_YEAR,2019
2337,IN_YEAR,2019
2338,IN_YEAR,2019
2339,IN_YEAR,2019
2340,IN_YEAR,2019
2341,IN_YEAR,2019
2342,IN_YEAR,2019
2343,IN_YEAR,2019
2344,IN_YEAR,2019
2345,IN_YEAR,2019
2346,IN_YEAR,2019
2347,IN_YEAR,2019
2348,IN_YEAR,2019
2349,IN_YEAR,2019
2350,IN_YEAR,2019
2351,IN_YEAR,2019
2352,IN_YEAR,2019
2353,IN_YEAR,2019
2354,IN_YEAR,2019
2355,IN_YEAR,2019
2356,IN_YEAR,2019
2357,IN_YEAR,2019
2358,IN_YEAR,2019
2359,IN_YEAR,2019
2360,IN_YEAR,2019
2361,IN_YEAR,2019
2362,IN_YEAR,2019
2363,IN_YEAR,2019
2364,IN_YEAR,2019
2365,IN_YEAR,2019
2366,IN_YEAR,2019
2367,IN_YEAR,2019
2368,IN_YEAR,2019
2369,IN_YEAR,2019
2370,IN_YEAR,2019
2371,IN_YEAR,2019
2372,IN_YEAR,2019
2373,IN_YEAR,2019
2374,IN_YEAR,2019
2375,IN_YEAR,2019
2376,IN_YEAR,2019
2377,IN_YEAR,2019
2378,IN_YEAR,2019
2379,IN_YEAR,2019
2380,IN_YEAR,2019
2381,IN_YEAR,2019
2382,IN_YEAR,2019
2383,IN_YEAR,2019
2384,IN_YEAR,2019
2385,IN_YEAR,2019
2386,IN_YEAR,2019
2387,IN_YEAR,2019
2388,IN_YEAR,2019
2389,IN_YEAR,2019
2390,IN_YEAR,2019
2391,IN_YEAR,2019
2392,IN_YEAR,2019
2393,IN_YEAR,2019
2394,IN_YEAR,2019
2395,IN_YEAR,2019
2396,IN_YEAR,2019
2397,IN_YEAR,2019
2398,IN_YEAR,2019
2399,IN_YEAR,2019
2400,IN_YEAR,2019
2401,IN_YEAR,2019
2402,IN_YEAR,2019
2403,IN_YEAR,2019
2404,IN_YEAR,2019
2405,IN_YEAR,2019
2406,IN_YEAR,2019
2407,IN_YEAR,2019
2408,IN_YEAR,2019
2409,IN_YEAR,2019
2410,IN_YEAR,2019
2411,IN_YEAR,2019
2412,IN_YEAR,2019
2413,IN_YEAR,2019
2414,IN_YEAR,2019
2415,IN_YEAR,2019
2416,IN_YEAR,2019
2417,IN_YEAR,2019
2418,IN_YEAR,2019
2419,IN_YEAR,2019
2420,IN_YEAR,2019
2421,IN_YEAR,2019
2422,IN_YEAR,2019
2423,IN_YEAR,2019
2424,IN_YEAR,2019
2425,IN_YEAR,2019
2426,IN_YEAR,2019
2427,IN_YEAR,2019
2428,IN_YEAR,2019
2429,IN_YEAR,2019
2430,IN_YEAR,2019
2431,IN_YEAR,2019
2432,IN_YEAR,2019
2433,IN_YEAR,2019
2434,IN_YEAR,2019
2435,IN_YEAR,2019
2436,IN_YEAR,2019
2437,IN_YEAR,2019
2438,IN_YEAR,2019
2439,IN_YEAR,2019
2440,IN_YEAR,2019
2441,IN_YEAR,2019
2442,IN_YEAR,2019
2443,IN_YEAR,2019
2444,IN_YEAR,2019
2445,IN_YEAR,2019
2446,IN_YEAR,2019
2447,IN_YEAR,2019
2448,IN_YEAR,2019
2449,IN_YEAR,2019
2450,IN_YEAR,2019
2451,IN_YEAR,2019
2452,IN_YEAR,2019
2453,IN_YEAR,2019
2454,IN_YEAR,2019
2455,IN_YEAR,2019
2456,IN_YEAR,2019
2457,IN_YEAR,2019
2458,IN_YEAR,2019
2459,IN_YEAR,2019
2460,IN_YEAR,2019
2461,IN_YEAR,2019
2462,IN_YEAR,2019
2463,IN_YEAR,2019
2464,IN_YEAR,2019
2465,IN_YEAR,2019
2466,IN_YEAR,2019
2467,IN_YEAR,2020
2468,IN_YEAR,2020
2469,IN_YEAR,2020
2470,IN_YEAR,2020
2471,IN_YEAR,2020
2472,IN_YEAR,2020
2473,IN_YEAR,2020
2474,IN_YEAR,2020
2475,IN_YEAR,2020
2476,IN_YEAR,2020
2477,IN_YEAR,2020
2478,IN_YEAR,2020
2479,IN_YEAR,2020
2480,IN_YEAR,2020
2481,IN_YEAR,2020
2482,IN_YEAR,2020
2483,IN_YEAR,2020
2484,IN_YEAR,2020
2485,IN_YEAR,2020
2486,IN_YEAR,2020
2487,IN_YEAR,2020
2488,IN_YEAR,2020
2489,IN_YEAR,2020
2490,IN_YEAR,2020
2491,IN_YEAR,2020
2492,IN_YEAR,2020
2493,IN_YEAR,2020
2494,IN_YEAR,2020
2495,IN_YEAR,2020
2496,IN_YEAR,2020
2497,IN_YEAR,2020
2498,IN_YEAR,2020
2499,IN_YEAR,2020
2500,IN_YEAR,2020
2501,IN_YEAR,2020
2502,IN_YEAR,2020
2503,IN_YEAR,2020
2504,IN_YEAR,2020
2505,IN_YEAR,2020
2506,IN_YEAR,2020
2507,IN_YEAR,2020
2508,IN_YEAR,2020
2509,IN_YEAR,2020
2510,IN_YEAR,2020
2511,IN_YEAR,2020
2512,IN_YEAR,2020
2513,IN_YEAR,2020
2514,IN_YEAR,2020
2515,IN_YEAR,2020
2516,IN_YEAR,2020
2517,IN_YEAR,2020
2518,IN_YEAR,2020
2519,IN_YEAR,2020
2520,IN_YEAR,2020
2521,IN_YEAR,2020
2522,IN_YEAR,2020
2523,IN_YEAR,2020
2524,IN_YEAR,2020
2525,IN_YEAR,2020
2526,IN_YEAR,2020
2527,IN_YEAR,2020
2528,IN_YEAR,2020
2529,IN_YEAR,2020
2530,IN_YEAR,2020
2531,IN_YEAR,2020
2532,IN_YEAR,2020
2533,IN_YEAR,2020
2534,IN_YEAR,2020
2535,IN_YEAR,2020
2536,IN_YEAR,2020
2537,IN_YEAR,2020
2538,IN_YEAR,2020
2539,IN_YEAR,2020
2540,IN_YEAR,2020
2541,IN_YEAR,2020
2542,IN_YEAR,2020
2543,IN_YEAR,2020
2544,IN_YEAR,2020
2545,IN_YEAR,2020
2546,IN_YEAR,2020
2547,IN_YEAR,2020
2548,IN_YEAR,2020
2549,IN_YEAR,2020
2550,IN_YEAR,2020
2551,IN_YEAR,2020
2552,IN_YEAR,2020
2553,IN_YEAR,2020
2554,IN_YEAR,2020
2555,IN_YEAR,2020
2556,IN_YEAR,2020
2557,IN_YEAR,2020
2558,IN_YEAR,2020
2559,IN_YEAR,2020
2560,IN_YEAR,2020
2561,IN_YEAR,2020
2562,IN_YEAR,2020
2563,IN_YEAR,2020
2564,IN_YEAR,2020
2565,IN_YEAR,2020
2566,IN_YEAR,2020
2567,IN_YEAR,2020
2568,IN_YEAR,2020
2569,IN_YEAR,2020
2570,IN_YEAR,2020
2571,IN_YEAR,2020
2572,IN_YEAR,2020
2573,IN_YEAR,2020
2574,IN_YEAR,2020
2575,IN_YEAR,2020
2576,IN_YEAR,2020
2577,IN_YEAR,2020
2578,IN_YEAR,2020
2579,IN_YEAR,2020
2580,IN_YEAR,2020
2581,IN_YEAR,2020
2582,IN_YEAR,2020
2583,IN_YEAR,2020
2584,IN_YEAR,2020
2585,IN_YEAR,2020
2586,IN_YEAR,2020
2587,IN_YEAR,2020
2588,IN_YEAR,2020
2589,IN_YEAR,2020
2590,IN_YEAR,2020
2591,IN_YEAR,2020
2592,IN_YEAR,2020
2593,IN_YEAR,2020
2594,IN_YEAR,2020
2595,IN_YEAR,2020
2596,IN_YEAR,2020
2597,IN_YEAR,2020
2598,IN_YEAR,2020
2599,IN_YEAR,2020
2600,IN_YEAR,2020
2601,IN_YEAR,2020
2602,IN_YEAR,2020
2603,IN_YEAR,2020
2604,IN_YEAR,2020
2605,IN_YEAR,2020
2606,IN_YEAR,2020
2607,IN_YEAR,2020
2608,IN_YEAR,2020
2609,IN_YEAR,2020
2610,IN_YEAR,2020
2611,IN_YEAR,2020
2612,IN_YEAR,2020
2613,IN_YEAR,2020
2614,IN_YEAR,2020
2615,IN_YEAR,2020
2616,IN_YEAR,2020
2617,IN_YEAR,2020
2618,IN_YEAR,2020
2619,IN_YEAR,2020
2620,IN_YEAR,2020
2621,IN_YEAR,2020
2622,IN_YEAR,2020
2623,IN_YEAR,2020
2624,IN_YEAR,2020
2625,IN_YEAR,2020
2626,IN_YEAR,2020
2627,IN_YEAR,2020
2628,IN_YEAR,2020
2629,IN_YEAR,2020
2630,IN_YEAR,2020
2631,IN_YEAR,2020
2632,IN_YEAR,2020
2633,IN_YEAR,2020
2634,IN_YEAR,2020
2635,IN_YEAR,2020
2636,IN_YEAR,2020
2637,IN_YEAR,2020
2638,IN_YEAR,2020
2639,IN_YEAR,2020
2640,IN_YEAR,2020
2641,IN_YEAR,2020
2642,IN_YEAR,2020
2643,IN_YEAR,2020
2644,IN_YEAR,2020
2645,IN_YEAR,2020
2646,IN_YEAR,2020
2647,IN_YEAR,2020
2648,IN_YEAR,2020
2649,IN_YEAR,2020
2650,IN_YEAR,2020
2651,IN_YEAR,2020
2652,IN_YEAR,2020
2653,IN_YEAR,2020
2654,IN_YEAR,2020
2655,IN_YEAR,2020
2656,IN_YEAR,2020
2657,IN_YEAR,2020
2658,IN_YEAR,2020
2659,IN_YEAR,2020
2660,IN_YEAR,2020
2661,IN_YEAR,2020
2662,IN_YEAR,2020
2663,IN_YEAR,2020
2664,IN_YEAR,2020
2665,IN_YEAR,2020
2666,IN_YEAR,2020
2667,IN_YEAR,2020
2668,IN_YEAR,2020
2669,IN_YEAR,2020
2670,IN_YEAR,2020
2671,IN_YEAR,2020
2672,IN_YEAR,2020
2673,IN_YEAR,2020
2674,IN_YEAR,2020
2675,IN_YEAR,2020
2676,IN_YEAR,2020
2677,IN_YEAR,2020
2678,IN_YEAR,2020
2679,IN_YEAR,2020
2680,IN_YEAR,2020
2681,IN_YEAR,2020
2682,IN_YEAR,2020
2683,IN_YEAR,2020
2684,IN_YEAR,2020
2685,IN_YEAR,2020
2686,IN_YEAR,2020
2687,IN_YEAR,2020
2688,IN_YEAR,2020
2689,IN_YEAR,2020
2690,IN_YEAR,2020
2691,IN_YEAR,2020
2692,IN_YEAR,2020
2693,IN_YEAR,2020
2694,IN_YEAR,2020
2695,IN_YEAR,2020
2696,IN_YEAR,2020
2697,IN_YEAR,2020
2698,IN_YEAR,2020
2699,IN_YEAR,2020
2700,IN_YEAR,2020
2701,IN_YEAR,2020
2702,IN_YEAR,2020
2703,IN_YEAR,2020
2704,IN_YEAR,2020
2705,IN_YEAR,2020
2706,IN_YEAR,2020
2707,IN_YEAR,2020
2708,IN_YEAR,2020
2709,IN_YEAR,2020
2710,IN_YEAR,2020
2711,IN_YEAR,2020
2712,IN_YEAR,2020
2713,IN_YEAR,2020
2714,IN_YEAR,2020
2715,IN_YEAR,2020
2716,IN_YEAR,2020
2717,IN_YEAR,2020
2718,IN_YEAR,2020
2719,IN_YEAR,2020
2720,IN_YEAR,2020
2721,IN_YEAR,2020
2722,IN_YEAR,2020
2723,IN_YEAR,2020
2724,IN_YEAR,2020
2725,IN_YEAR,2020
2726,IN_YEAR,2020
2727,IN_YEAR,2020
2728,IN_YEAR,2020
2729,IN_YEAR,2020
2730,IN_YEAR,2020
2731,IN_YEAR,2020
2732,IN_YEAR,2020
2733,IN_YEAR,2020
2734,IN_YEAR,2020
2735,IN_YEAR,2020
2736,IN_YEAR,2020
2737,IN_YEAR,2020
2738,IN_YEAR,2020
2739,IN_YEAR,2020
2740,IN_YEAR,2020
2741,IN_YEAR,2020
2742,IN_YEAR,2020
2743,IN_YEAR,2020
2744,IN_YEAR,2020
2745,IN_YEAR,2020
2746,IN_YEAR,2020
2747,IN_YEAR,2020
2748,IN_YEAR,2020
2749,IN_YEAR,2021
2750,IN_YEAR,2021
2751,IN_YEAR,2021
2752,IN_YEAR,2021
2753,IN_YEAR,2021
2754,IN_YEAR,2021
2755,IN_YEAR,2021
2756,IN_YEAR,2021
2757,IN_YEAR,2021
2758,IN_YEAR,2021
2759,IN_YEAR,2021
2760,IN_YEAR,2021
2761,IN_YEAR,2021
2762,IN_YEAR,2021
2763,IN_YEAR,2021
2764,IN_YEAR,2021
2765,IN_YEAR,2021
2766,IN_YEAR,2021
2767,IN_YEAR,2021
2768,IN_YEAR,2021
2769,IN_YEAR,2021
2770,IN_YEAR,2021
2771,IN_YEAR,2021
2772,IN_YEAR,2021
2773,IN_YEAR,2021
2774,IN_YEAR,2021
2775,IN_YEAR,2021
2776,IN_YEAR,2021
2777,IN_YEAR,2021
2778,IN_YEAR,2021
2779,IN_YEAR,2021
2780,IN_YEAR,2021
2781,IN_YEAR,2021
2782,IN_YEAR,2021
2783,IN_YEAR,2021
2784,IN_YEAR,2021
2785,IN_YEAR,2021
2786,IN_YEAR,2021
2787,IN_YEAR,2021
2788,IN_YEAR,2021
2789,IN_YEAR,2021
2790,IN_YEAR,2021
2791,IN_YEAR,2021
2792,IN_YEAR,2021
2793,IN_YEAR,2021
2794,IN_YEAR,2021
2795,IN_YEAR,2021
2796,IN_YEAR,2021
2797,IN_YEAR,2021
2798,IN_YEAR,2021
2799,IN_YEAR,2021
2800,IN_YEAR,2021
2801,IN_YEAR,2021
2802,IN_YEAR,2021
2803,IN_YEAR,2021
2804,IN_YEAR,2021
2805,IN_YEAR,2021
2806,IN_YEAR,2021
2807,IN_YEAR,2021
2808,IN_YEAR,2021
2809,IN_YEAR,2021
2810,IN_YEAR,2021
2811,IN_YEAR,2021
2812,IN_YEAR,2021
2813,IN_YEAR,2021
2814,IN_YEAR,2021
2815,IN_YEAR,2021
2816,IN_YEAR,2021
2817,IN_YEAR,2021
2818,IN_YEAR,2021
2819,IN_YEAR,2021
2820,IN_YEAR,2021
2821,IN_YEAR,2021
2822,IN_YEAR,2021
2823,IN_YEAR,2021
2824,IN_YEAR,2021
2825,IN_YEAR,2021
2826,IN_YEAR,2021
2827,IN_YEAR,2021
2828,IN_YEAR,2021
2829,IN_YEAR,2021
2830,IN_YEAR,2021
2831,IN_YEAR,2021
2832,IN_YEAR,2021
2833,IN_YEAR,2021
2834,IN_YEAR,2021
2835,IN_YEAR,2021
2836,IN_YEAR,2021
2837,IN_YEAR,2021
2838,IN_YEAR,2021
2839,IN_YEAR,2021
2840,IN_YEAR,2021
2841,IN_YEAR,2021
2842,IN_YEAR,2021
2843,IN_YEAR,2021
2844,IN_YEAR,2021
2845,IN_YEAR,2021
2846,IN_YEAR,2021
2847,IN_YEAR,2021
2848,IN_YEAR,2021
2849,IN_YEAR,2021
2850,IN_YEAR,2021
2851,IN_YEAR,2021
2852,IN_YEAR,2021
2853,IN_YEAR,2021
2854,IN_YEAR,2021
2855,IN_YEAR,2021
2856,IN_YEAR,2021
2857,IN_YEAR,2021
2858,IN_YEAR,2021
2859,IN_YEAR,2021
2860,IN_YEAR,2021
2861,IN_YEAR,2021
2862,IN_YEAR,2021
2863,IN_YEAR,2021
2864,IN_YEAR,2021
2865,IN_YEAR,2021
2866,IN_YEAR,2021
2867,IN_YEAR,2021
2868,IN_YEAR,2021
2869,IN_YEAR,2021
2870,IN_YEAR,2021
2871,IN_YEAR,2021
2872,IN_YEAR,2021
2873,IN_YEAR,2021
2874,IN_YEAR,2021
2875,IN_YEAR,2021
2876,IN_YEAR,2021
2877,IN_YEAR,2021
2878,IN_YEAR,2021
2879,IN_YEAR,2021
2880,IN_YEAR,2021
2881,IN_YEAR,2021
2882,IN_YEAR,2021
2883,IN_YEAR,2021
2884,IN_YEAR,2021
2885,IN_YEAR,2021
2886,IN_YEAR,2021
2887,IN_YEAR,2021
2888,IN_YEAR,2021
2889,IN_YEAR,2021
2890,IN_YEAR,2021
2891,IN_YEAR,2021
2892,IN_YEAR,2021
2893,IN_YEAR,2021
2894,IN_YEAR,2021
2895,IN_YEAR,2021
2896,IN_YEAR,2021
2897,IN_YEAR,2021
2898,IN_YEAR,2021
2899,IN_YEAR,2021
2900,IN_YEAR,2021
2901,IN_YEAR,2021
2902,IN_YEAR,2021
2903,IN_YEAR,2021
2904,IN_YEAR,2021
2905,IN_YEAR,2021
2906,IN_YEAR,2021
2907,IN_YEAR,2021
2908,IN_YEAR,2021
2909,IN_YEAR,2021
2910,IN_YEAR,2021
2911,IN_YEAR,2021
2912,IN_YEAR,2021
2913,IN_YEAR,2021
2914,IN_YEAR,2021
2915,IN_YEAR,2021
2916,IN_YEAR,2021
2917,IN_YEAR,2021
2918,IN_YEAR,2021
2919,IN_YEAR,2021
2920,IN_YEAR,2021
2921,IN_YEAR,2021
2922,IN_YEAR,2021
2923,IN_YEAR,2021
2924,IN_YEAR,2021
2925,IN_YEAR,2021
2926,IN_YEAR,2021
2927,IN_YEAR,2021
2928,IN_YEAR,2021
2929,IN_YEAR,2021
2930,IN_YEAR,2021
2931,IN_YEAR,2021
2932,IN_YEAR,2021
2933,IN_YEAR,2021
2934,IN_YEAR,2021
2935,IN_YEAR,2021
2936,IN_YEAR,2021
2937,IN_YEAR,2021
2938,IN_YEAR,2021
2939,IN_YEAR,2021
2940,IN_YEAR,2021
2941,IN_YEAR,2021
2942,IN_YEAR,2021
2943,IN_YEAR,2021
2944,IN_YEAR,2021
2945,IN_YEAR,2021
2946,IN_YEAR,2021
2947,IN_YEAR,2021
2948,IN_YEAR,2021
2949,IN_YEAR,2021
2950,IN_YEAR,2021
2951,IN_YEAR,2021
2952,IN_YEAR,2021
2953,IN_YEAR,2021
2954,IN_YEAR,2021
2955,IN_YEAR,2021
2956,IN_YEAR,2021
2957,IN_YEAR,2021
2958,IN_YEAR,2021
2959,IN_YEAR,2021
2960,IN_YEAR,2021
2961,IN_YEAR,2021
2962,IN_YEAR,2021
2963,IN_YEAR,2021
2964,IN_YEAR,2021
2965,IN_YEAR,2021
2966,IN_YEAR,2021
2967,IN_YEAR,2021
2968,IN_YEAR,2021
2969,IN_YEAR,2021
2970,IN_YEAR,2021
2971,IN_YEAR,2021
2972,IN_YEAR,2021
2973,IN_YEAR,2021
2974,IN_YEAR,2021
2975,IN_YEAR,2021
2976,IN_YEAR,2021
2977,IN_YEAR,2021
2978,IN_YEAR,2021
2979,IN_YEAR,2021
2980,IN_YEAR,2021
2981,IN_YEAR,2021
2982,IN_YEAR,2021
2983,IN_YEAR,2021
2984,IN_YEAR,2021
2985,IN_YEAR,2021
2986,IN_YEAR,2021
2987,IN_YEAR,2021
2988,IN_YEAR,2021
2989,IN_YEAR,2021
2990,IN_YEAR,2021
2991,IN_YEAR,2021
2992,IN_YEAR,2021
2993,IN_YEAR,2021
2994,IN_YEAR,2021
2995,IN_YEAR,2021
2996,IN_YEAR,2021
2997,IN_YEAR,2021
2998,IN_YEAR,2021
2999,IN_YEAR,2021
3000,IN_YEAR,2021
3001,IN_YEAR,2021
3002,IN_YEAR,2021
3003,IN_YEAR,2021
3004,IN_YEAR,2021
3005,IN_YEAR,2021
3006,IN_YEAR,2021
3007,IN_YEAR,2021
3008,IN_YEAR,2021
3009,IN_YEAR,2021
3010,IN_YEAR,2021
3011,IN_YEAR,2021
3012,IN_YEAR,2021
3013,IN_YEAR,2021
3014,IN_YEAR,2021
3015,IN_YEAR,2021
3016,IN_YEAR,2021
3017,IN_YEAR,2021
3018,IN_YEAR,2021
3019,IN_YEAR,2021
3020,IN_YEAR,2021
3021,IN_YEAR,2021
3022,IN_YEAR,2021
3023,IN_YEAR,2021
3024,IN_YEAR,2021
3025,IN_YEAR,2021
3026,IN_YEAR,2021
3027,IN_YEAR,2021
3028,IN_YEAR,2021
3029,IN_YEAR,2021
3030,IN_YEAR,2021
3031,IN_YEAR,2021
3032,IN_YEAR,2021
3033,IN_YEAR,2022
3034,IN_YEAR,2022
3035,IN_YEAR,2022
3036,IN_YEAR,2022
3037,IN_YEAR,2022
3038,IN_YEAR,2022
3039,IN_YEAR,2022
3040,IN_YEAR,2022
3041,IN_YEAR,2022
3042,IN_YEAR,2022
3043,IN_YEAR,2022
3044,IN_YEAR,2022
3045,IN_YEAR,2022
3046,IN_YEAR,2022
3047,IN_YEAR,2022
3048,IN_YEAR,2022
3049,IN_YEAR,2022
3050,IN_YEAR,2022
3051,IN_YEAR,2022
3052,IN_YEAR,2022
3053,IN_YEAR,2022
3054,IN_YEAR,2022
3055,IN_YEAR,2022
3056,IN_YEAR,2022
3057,IN_YEAR,2022
3058,IN_YEAR,2022
3059,IN_YEAR,2022
3060,IN_YEAR,2022
3061,IN_YEAR,2022
3062,IN_YEAR,2022
3063,IN_YEAR,2022
3064,IN_YEAR,2022
3065,IN_YEAR,2022
3066,IN_YEAR,2022
3067,IN_YEAR,2022
3068,IN_YEAR,2022
3069,IN_YEAR,2022
3070,IN_YEAR,2022
3071,IN_YEAR,2022
3072,IN_YEAR,2022
3073,IN_YEAR,2022
3074,IN_YEAR,2022
3075,IN_YEAR,2022
3076,IN_YEAR,2022
3077,IN_YEAR,2022
3078,IN_YEAR,2022
3079,IN_YEAR,2022
3080,IN_YEAR,2022
3081,IN_YEAR,2022
3082,IN_YEAR,2022
3083,IN_YEAR,2022
3084,IN_YEAR,2022
3085,IN_YEAR,2022
3086,IN_YEAR,2022
3087,IN_YEAR,2022
3088,IN_YEAR,2022
3089,IN_YEAR,2022
3090,IN_YEAR,2022
3091,IN_YEAR,2022
3092,IN_YEAR,2022
3093,IN_YEAR,2022
3094,IN_YEAR,2022
3095,IN_YEAR,2022
3096,IN_YEAR,2022
3097,IN_YEAR,2022
3098,IN_YEAR,2022
3099,IN_YEAR,2022
3100,IN_YEAR,2022
3101,IN_YEAR,2022
3102,IN_YEAR,2022
3103,IN_YEAR,2022
3104,IN_YEAR,2022
3105,IN_YEAR,2022
3106,IN_YEAR,2022
3107,IN_YEAR,2022
3108,IN_YEAR,2022
3109,IN_YEAR,2022
3110,IN_YEAR,2022
3111,IN_YEAR,2022
3112,IN_YEAR,2022
3113,IN_YEAR,2022
3114,IN_YEAR,2022
3115,IN_YEAR,2022
3116,IN_YEAR,2022
3117,IN_YEAR,2022
3118,IN_YEAR,2022
3119,IN_YEAR,2022
3120,IN_YEAR,2022
3121,IN_YEAR,2022
3122,IN_YEAR,2022
3123,IN_YEAR,2022
3124,IN_YEAR,2022
3125,IN_YEAR,2022
3126,IN_YEAR,2022
3127,IN_YEAR,2022
3128,IN_YEAR,2022
3129,IN_YEAR,2022
3130,IN_YEAR,2022
3131,IN_YEAR,2022
3132,IN_YEAR,2022
3133,IN_YEAR,2022
3134,IN_YEAR,2022
3135,IN_YEAR,2022
3136,IN_YEAR,2022
3137,IN_YEAR,2022
3138,IN_YEAR,2022
3139,IN_YEAR,2022
3140,IN_YEAR,2022
3141,IN_YEAR,2022
3142,IN_YEAR,2022
3143,IN_YEAR,2022
3144,IN_YEAR,2022
3145,IN_YEAR,2022
3146,IN_YEAR,2022
3147,IN_YEAR,2022
3148,IN_YEAR,2022
3149,IN_YEAR,2022
3150,IN_YEAR,2022
3151,IN_YEAR,2022
3152,IN_YEAR,2022
3153,IN_YEAR,2022
3154,IN_YEAR,2022
3155,IN_YEAR,2022
3156,IN_YEAR,2022
3157,IN_YEAR,2022
3158,IN_YEAR,2022
3159,IN_YEAR,2022
3160,IN_YEAR,2022
3161,IN_YEAR,2022
3162,IN_YEAR,2022
3163,IN_YEAR,2022
3164,IN_YEAR,2022
3165,IN_YEAR,2022
3166,IN_YEAR,2022
3167,IN_YEAR,2022
3168,IN_YEAR,2022
3169,IN_YEAR,2022
3170,IN_YEAR,2022
3171,IN_YEAR,2022
3172,IN_YEAR,2022
3173,IN_YEAR,2022
3174,IN_YEAR,2022
3175,IN_YEAR,2022
3176,IN_YEAR,2022
3177,IN_YEAR,2022
3178,IN_YEAR,2022
3179,IN_YEAR,2022
3180,IN_YEAR,2022
3181,IN_YEAR,2022
3182,IN_YEAR,2022
3183,IN_YEAR,2022
3184,IN_YEAR,2022
3185,IN_YEAR,2022
3186,IN_YEAR,2022
3187,IN_YEAR,2022
3188,IN_YEAR,2022
3189,IN_YEAR,2022
3190,IN_YEAR,2022
3191,IN_YEAR,2022
3192,IN_YEAR,2022
3193,IN_YEAR,2022
3194,IN_YEAR,2022
3195,IN_YEAR,2022
3196,IN_YEAR,2022
3197,IN_YEAR,2022
3198,IN_YEAR,2022
3199,IN_YEAR,2022
3200,IN_YEAR,2022
3201,IN_YEAR,2022
3202,IN_YEAR,2022
3203,IN_YEAR,2022
3204,IN_YEAR,2022
3205,IN_YEAR,2022
3206,IN_YEAR,2022
3207,IN_YEAR,2022
3208,IN_YEAR,2022
3209,IN_YEAR,2022
3210,IN_YEAR,2022
3211,IN_YEAR,2022
3212,IN_YEAR,2022
3213,IN_YEAR,2022
3214,IN_YEAR,2022
3215,IN_YEAR,2022
3216,IN_YEAR,2022
3217,IN_YEAR,2022
3218,IN_YEAR,2022
3219,IN_YEAR,2022
3220,IN_YEAR,2022
3221,IN_YEAR,2022
3222,IN_YEAR,2022
3223,IN_YEAR,2022
3224,IN_YEAR,2022
3225,IN_YEAR,2022
3226,IN_YEAR,2022
3227,IN_YEAR,2022
3228,IN_YEAR,2022
3229,IN_YEAR,2022
3230,IN_YEAR,2022
3231,IN_YEAR,2022
3232,IN_YEAR,2022
3233,IN_YEAR,2022
3234,IN_YEAR,2022
3235,IN_YEAR,2022
3236,IN_YEAR,2022
3237,IN_YEAR,2022
3238,IN_YEAR,2022
3239,IN_YEAR,2022
3240,IN_YEAR,2022
3241,IN_YEAR,2022
3242,IN_YEAR,2022
3243,IN_YEAR,2022
3244,IN_YEAR,2022
3245,IN_YEAR,2022
3246,IN_YEAR,2022
3247,IN_YEAR,2022
3248,IN_YEAR,2022
3249,IN_YEAR,2022
3250,IN_YEAR,2022
3251,IN_YEAR,2022
3252,IN_YEAR,2022
3253,IN_YEAR,2022
3254,IN_YEAR,2022
3255,IN_YEAR,2022
3256,IN_YEAR,2022
3257,IN_YEAR,2022
3258,IN_YEAR,2022
3259,IN_YEAR,2022
3260,IN_YEAR,2022
3261,IN_YEAR,2022
3262,IN_YEAR,2022
3263,IN_YEAR,2022
3264,IN_YEAR,2022
3265,IN_YEAR,2022
3266,IN_YEAR,2022
3267,IN_YEAR,2022
3268,IN_YEAR,2022
3269,IN_YEAR,2022
3270,IN_YEAR,2022
3271,IN_YEAR,2022
3272,IN_YEAR,2022
3273,IN_YEAR,2022
3274,IN_YEAR,2022
3275,IN_YEAR,2022
3276,IN_YEAR,2022
3277,IN_YEAR,2022
3278,IN_YEAR,2022
3279,IN_YEAR,2022
3280,IN_YEAR,2022
3281,IN_YEAR,2022
3282,IN_YEAR,2022
3283,IN_YEAR,2022
3284,IN_YEAR,2022
3285,IN_YEAR,2022
3286,IN_YEAR,2022
3287,IN_YEAR,2022
3288,IN_YEAR,2022
3289,IN_YEAR,2022
3290,IN_YEAR,2022
3291,IN_YEAR,2022
3292,IN_YEAR,2022
3293,IN_YEAR,2022
3294,IN_YEAR,2022
3295,IN_YEAR,2022
3296,IN_YEAR,2022
3297,IN_YEAR,2022
3298,IN_YEAR,2022
3299,IN_YEAR,2022
3300,IN_YEAR,2022
3301,IN_YEAR,2022
3302,IN_YEAR,2022
3303,IN_YEAR,2022
3304,IN_YEAR,2022
3305,IN_YEAR,2022
3306,IN_YEAR,2022
3307,IN_YEAR,2022
3308,IN_YEAR,2022
3309,IN_YEAR,2022
3310,IN_YEAR,2022
3311,IN_YEAR,2022
3312,IN_YEAR,2023
3313,IN_YEAR,2023
3314,IN_YEAR,2023
3315,IN_YEAR,2023
3316,IN_YEAR,2023
3317,IN_YEAR,2023
3318,IN_YEAR,2023
3319,IN_YEAR,2023
3320,IN_YEAR,2023
3321,IN_YEAR,2023
3322,IN_YEAR,2023
3323,IN_YEAR,2023
3324,IN_YEAR,2023
3325,IN_YEAR,2023
3326,IN_YEAR,2023
3327,IN_YEAR,2023
3328,IN_YEAR,2023
3329,IN_YEAR,2023
3330,IN_YEAR,2023
3331,IN_YEAR,2023
3332,IN_YEAR,2023
3333,IN_YEAR,2023
3334,IN_YEAR,2023
3335,IN_YEAR,2023
3336,IN_YEAR,2023
3337,IN_YEAR,2023
3338,IN_YEAR,2023
3339,IN_YEAR,2023
3340,IN_YEAR,2023
3341,IN_YEAR,2023
3342,IN_YEAR,2023
3343,IN_YEAR,2023
3344,IN_YEAR,2023
3345,IN_YEAR,2023
3346,IN_YEAR,2023
3347,IN_YEAR,2023
3348,IN_YEAR,2023
3349,IN_YEAR,2023
3350,IN_YEAR,2023
3351,IN_YEAR,2023
3352,IN_YEAR,2023
3353,IN_YEAR,2023
3354,IN_YEAR,2023
3355,IN_YEAR,2023
3356,IN_YEAR,2023
3357,IN_YEAR,2023
3358,IN_YEAR,2023
3359,IN_YEAR,2023
3360,IN_YEAR,2023
3361,IN_YEAR,2023
3362,IN_YEAR,2023
3363,IN_YEAR,2023
3364,IN_YEAR,2023
3365,IN_YEAR,2023
3366,IN_YEAR,2023
3367,IN_YEAR,2023
3368,IN_YEAR,2023
3369,IN_YEAR,2023
3370,IN_YEAR,2023
3371,IN_YEAR,2023
3372,IN_YEAR,2023
3373,IN_YEAR,2023
3374,IN_YEAR,2023
3375,IN_YEAR,2023
3376,IN_YEAR,2023
3377,IN_YEAR,2023
3378,IN_YEAR,2023
3379,IN_YEAR,2023
3380,IN_YEAR,2023
3381,IN_YEAR,2023
3382,IN_YEAR,2023
3383,IN_YEAR,2023
3384,IN_YEAR,2023
3385,IN_YEAR,2023
3386,IN_YEAR,2023
3387,IN_YEAR,2023
3388,IN_YEAR,2023
3389,IN_YEAR,2023
3390,IN_YEAR,2023
3391,IN_YEAR,2023
3392,IN_YEAR,2023
3393,IN_YEAR,2023
3394,IN_YEAR,2023
3395,IN_YEAR,2023
3396,IN_YEAR,2023
3397,IN_YEAR,2023
3398,IN_YEAR,2023
3399,IN_YEAR,2023
3400,IN_YEAR,2023
3401,IN_YEAR,2023
3402,IN_YEAR,2023
3403,IN_YEAR,2023
3404,IN_YEAR,2023
3405,IN_YEAR,2023
3406,IN_YEAR,2023
3407,IN_YEAR,2023
3408,IN_YEAR,2023
3409,IN_YEAR,2023
3410,IN_YEAR,2023
3411,IN_YEAR,2023
3412,IN_YEAR,2023
3413,IN_YEAR,2023
3414,IN_YEAR,2023
3415,IN_YEAR,2023
3416,IN_YEAR,2023
3417,IN_YEAR,2023
3418,IN_YEAR,2023
3419,IN_YEAR,2023
3420,IN_YEAR,2023
3421,IN_YEAR,2023
3422,IN_YEAR,2023
3423,IN_YEAR,2023
3424,IN_YEAR,2023
3425,IN_YEAR,2023
3426,IN_YEAR,2023
3427,IN_YEAR,2023
3428,IN_YEAR,2023
3429,IN_YEAR,2023
3430,IN_YEAR,2023
3431,IN_YEAR,2023
3432,IN_YEAR,2023
3433,IN_YEAR,2023
3434,IN_YEAR,2023
3435,IN_YEAR,2023
3436,IN_YEAR,2023
3437,IN_YEAR,2023
3438,IN_YEAR,2023
3439,IN_YEAR,2023
3440,IN_YEAR,2023
3441,IN_YEAR,2023
3442,IN_YEAR,2023
3443,IN_YEAR,2023
3444,IN_YEAR,2023
3445,IN_YEAR,2023
3446,IN_YEAR,2023
3447,IN_YEAR,2023
3448,IN_YEAR,2023
3449,IN_YEAR,2023
3450,IN_YEAR,2023
3451,IN_YEAR,2023
3452,IN_YEAR,2023
3453,IN_YEAR,2023
3454,IN_YEAR,2023
3455,IN_YEAR,2023
3456,IN_YEAR,2023
3457,IN_YEAR,2023
3458,IN_YEAR,2023
3459,IN_YEAR,2023
3460,IN_YEAR,2023
3461,IN_YEAR,2023
3462,IN_YEAR,2023
3463,IN_YEAR,2023
3464,IN_YEAR,2023
3465,IN_YEAR,2023
3466,IN_YEAR,2023
3467,IN_YEAR,2023
3468,IN_YEAR,2023
3469,IN_YEAR,2023
3470,IN_YEAR,2023
3471,IN_YEAR,2023
3472,IN_YEAR,2023
3473,IN_YEAR,2023
3474,IN_YEAR,2023
3475,IN_YEAR,2023
3476,IN_YEAR,2023
3477,IN_YEAR,2023
3478,IN_YEAR,2023
3479,IN_YEAR,2023
3480,IN_YEAR,2023
3481,IN_YEAR,2023
3482,IN_YEAR,2023
3483,IN_YEAR,2023
3484,IN_YEAR,2023
3485,IN_YEAR,2023
3486,IN_YEAR,2023
3487,IN_YEAR,2023
3488,IN_YEAR,2023
3489,IN_YEAR,2023
3490,IN_YEAR,2023
3491,IN_YEAR,2023
3492,IN_YEAR,2023
3493,IN_YEAR,2023
3494,IN_YEAR,2023
3495,IN_YEAR,2023
3496,IN_YEAR,2023
3497,IN_YEAR,2023
3498,IN_YEAR,2023
3499,IN_YEAR,2023
3500,IN_YEAR,2023
3501,IN_YEAR,2023
3502,IN_YEAR,2023
3503,IN_YEAR,2023
3504,IN_YEAR,2023
3505,IN_YEAR,2023
3506,IN_YEAR,2023
3507,IN_YEAR,2023
3508,IN_YEAR,2023
3509,IN_YEAR,2023
3510,IN_YEAR,2023
3511,IN_YEAR,2023
3512,IN_YEAR,2023
3513,IN_YEAR,2023
3514,IN_YEAR,2023
3515,IN_YEAR,2023
3516,IN_YEAR,2023
3517,IN_YEAR,2023
3518,IN_YEAR,2023
3519,IN_YEAR,2023
3520,IN_YEAR,2023
3521,IN_YEAR,2023
3522,IN_YEAR,2023
3523,IN_YEAR,2023
3524,IN_YEAR,2023
3525,IN_YEAR,2023
3526,IN_YEAR,2023
3527,IN_YEAR,2023
3528,IN_YEAR,2023
3529,IN_YEAR,2023
3530,IN_YEAR,2023
3531,IN_YEAR,2023
3532,IN_YEAR,2023
3533,IN_YEAR,2023
3534,IN_YEAR,2023
3535,IN_YEAR,2023
3536,IN_YEAR,2023
3537,IN_YEAR,2023
3538,IN_YEAR,2023
3539,IN_YEAR,2023
3540,IN_YEAR,2023
3541,IN_YEAR,2023
3542,IN_YEAR,2023
3543,IN_YEAR,2023
3544,IN_YEAR,2023
3545,IN_YEAR,2023
3546,IN_YEAR,2023
3547,IN_YEAR,2023
3548,IN_YEAR,2023
3549,IN_YEAR,2023
3550,IN_YEAR,2023
3551,IN_YEAR,2023
3552,IN_YEAR,2023
3553,IN_YEAR,2023
3554,IN_YEAR,2023
3555,IN_YEAR,2023
3556,IN_YEAR,2023
3557,IN_YEAR,2023
3558,IN_YEAR,2023
3559,IN_YEAR,2023
3560,IN_YEAR,2023
3561,IN_YEAR,2023
3562,IN_YEAR,2023
3563,IN_YEAR,2023
3564,IN_YEAR,2023
3565,IN_YEAR,2023
3566,IN_YEAR,2023
3567,IN_YEAR,2023
3568,IN_YEAR,2023
3569,IN_YEAR,2023
3570,IN_YEAR,2023
3571,IN_YEAR,2023
3572,IN_YEAR,2023